team_rule_id,jurisdiction,category,title,citation,our_status_on_2026_10_01,our_effective_date,key_value,who_it_covers,exemptions,source_doc,source_url,quote_from_source,model_confidence,flagged_conflict,your_status (in_force / not_yet_effective / pending / failed),your_effective_date,official_source_you_used,your_note
r-0002,CA,algorithmic_rent_setting,Ban on using or distributing a common pricing algorithm as part of a conspiracy to restrain trade,"Cal. Bus. & Prof. Code § 16729 (Stats. 2025, ch. 338, AB 325)",in_force,2026-01-01,,Applies statewide to any person (including landlords and software vendors) who uses or distributes a common pricing algorithm; not limited to particular buildings. End consumers are excluded from the definition of person.,"""Person"" does not include the end consumer of a product or service.",D022,https://leginfo.legislature.ca.gov/faces/billNavClient.xhtml?bill_id=202520260AB325,"(a) It shall be unlawful for a person to use or distribute a common pricing algorithm as part of a contract, combination in the form of a trust, or conspiracy to restrain trade or commerce in violation of this chapter.",0.8,,,,,
r-0004,CA,application_screening_fees,Application screening fee cap,Cal. Civ. Code § 1950.6,in_force,,"$30 per applicant, CPI-adjusted annually since 1998, and no more than actual out-of-pocket costs",All residential rental property in California; applicants include guarantors and cosigners.,Section does not preempt fee rules under federal or state housing assistance programs.,D026,https://leginfo.legislature.ca.gov/faces/codes_displaySection.xhtml?lawCode=CIV&sectionNum=1950.6,"In no case shall the amount of the application screening fee charged by the landlord or their agent be greater than thirty dollars ($30) per applicant. The thirty dollar ($30) application screening fee may be adjusted annually by the landlord or their agent commensurate with an increase in the Consumer Price Index, beginning on January 1, 1998.",0.88,,,,,
r-0009,CA,just_cause_eviction,Tenant Protection Act just-cause eviction requirement,Cal. Civ. Code § 1946.2,in_force,,Just cause required after 12 months of tenancy (24 months if adult tenants were added),"Residential rental property statewide, except housing with a certificate of occupancy issued within the previous 15 years, owner-occupied duplexes and owner-occupied single-family homes, certain individually owned single-family homes and condos (non-corporate owners who give the required exemption notice), and other listed exemptions. Does not apply where a qualifying local just-cause ordinance covers the unit.","Hotels; nonprofit hospitals, religious and care facilities; school dormitories; shared kitchen/bath with resident owner; owner-occupied single-family homes (renting up to two units/bedrooms) and owner-occupied duplexes; housing with certificate of occupancy within the previous 15 years (unless a mobilehome); separately alienable homes/condos not owned by a REIT, corporation or LLC with a corporate member, if tenants received the statutory exemption notice; deed-restricted or subsidized affordable housing; property covered by a qualifying local just-cause ordinance.",D023,https://leginfo.legislature.ca.gov/faces/codes_displaySection.xhtml?lawCode=CIV&sectionNum=1946.2,"Notwithstanding any other law, after a tenant has continuously and lawfully occupied a residential real property for 12 months, the owner of the residential real property shall not terminate a tenancy without just cause, which shall be stated in the written notice to terminate tenancy.",0.8,"State law displaces less-protective local just-cause ordinances adopted after September 1, 2019 while yielding to earlier or more-protective local ordinances; local coverage must be checked.",,,,
r-0011,CA,just_cause_eviction,Housing Crisis Act relocation for lower-income households displaced by demolition for new construction,"Cal. Gov. Code § 66300.6(b)(4)(A) (Housing Crisis Act of 2019, as amended through Stats. 2025, ch. 511, SB 21)",in_force,,Relocation consistent with Gov. Code § 7260 et seq. public-entity relocation benefits,Lower-income households (80% AMI or lower) displaced by demolition of protected units for new construction.,,D043,https://housing.lacity.gov/wp-content/uploads/2026/08/Relocation-Assistance-Bulletins-A-and-B-Combined.pdf,"The City’s Resident Protections Ordinance (RPO) and the
State’s Housing Crisis Act (HCA) require that ONLY lower income households (80%  AMI or
lower) being displaced for demolition of their units where the owner will replace the units
with new construction receive relocation payment consistent to the relocation benefits
required to be paid by public entities under Chapter 16 (commencing with Section 7260) of
Division 7 of Title 1 (Government Code 66300.6(b)(4)(A)).",0.6,"Stated on a city agency's page (Los Angeles, CA), not in the state's own text; check the figure against an official state source.",,,,
r-0012,CA,rent_increase_limits,California Tenant Protection Act statewide rent cap,Cal. Civ. Code § 1947.12,in_force,2020-01-01,lesser of 5% + CPI or 10% per 12 months,"Most residential rental units in California, including mobilehome park units. Exempt: housing that received a certificate of occupancy within the previous 15 years (except mobilehomes); deed-restricted or subsidized affordable housing; school or college dormitories; units under stricter local rent control; separately alienable single-family homes or condos whose owner is not a REIT, corporation or LLC with a corporate member, if the tenant got the required written exemption notice; and owner-occupied two-unit buildings where neither unit is an ADU or JADU.","Initial rent for a new tenancy is not capped. Exempt: affordable housing restricted by deed or agreement; school/college dormitories; housing under local rent control that restricts increases below this cap; housing issued a certificate of occupancy within the previous 15 years (unless a mobilehome); separately alienable units (e.g., single-family homes, condos) not owned by a REIT, corporation, LLC with a corporate member, or mobilehome park management, with the required written notice to tenants; owner-occupied duplexes (no ADU/JADU) while the owner continues in occupancy; homeowners of a mobilehome.",D024,https://leginfo.legislature.ca.gov/faces/codes_displaySection.xhtml?lawCode=CIV&sectionNum=1947.12,"Subject to subdivision (b), an owner of residential real property shall not, over the course of any 12-month period, increase the gross rental rate for a dwelling or a unit more than 5 percent plus the percentage change in the cost of living, or 10 percent, whichever is lower, of the lowest gross rental rate charged for that dwelling or unit at any time during the 12 months prior to the effective date of the increase.",0.8,,,,,
r-0014,CA,screening_restrictions,Source-of-income discrimination ban in housing,Cal. Gov. Code § 12955,in_force,,income standard based on tenant's portion of rent,Owners of any housing accommodation in California.,Asking in writing or orally about the level or source of income is not by itself source-of-income discrimination.,D027,https://leginfo.legislature.ca.gov/faces/codes_displaySection.xhtml?lawCode=GOV&sectionNum=12955,"(a) For the owner of any housing accommodation to discriminate against or harass any person because of the race, color, religion, sex, gender, gender identity, gender expression, sexual orientation, marital status, national origin, ancestry, familial status, source of income, disability, veteran or military status, or genetic information of that person.",0.85,,,,,
r-0019,CA,security_deposits,Security deposit cap of one month's rent,"Cal. Civ. Code § 1950.5(c) (Stats. 2023, ch. 733, AB 12); see also id. (e), (g), (h)",in_force,2024-07-01,1 month rent (2 months for qualifying small landlords),"All residential rental property used as the tenant's dwelling. Small individual landlords owning no more than two rental properties with four or fewer units in total may charge up to two months' rent, except to service members.","Advance payment of not less than six months' rent for leases of six months or longer; mutually agreed paid alterations requested by tenant; small landlords (natural persons or LLCs of natural persons owning no more than two residential rental properties with no more than four units) may charge up to two months' rent except to service members; does not apply to security collected or demanded before July 1, 2024.",D025,https://leginfo.legislature.ca.gov/faces/codes_displaySection.xhtml?lawCode=CIV&sectionNum=1950.5,"(1) Except as provided in paragraph (2), (3), or (5), a landlord shall not demand or receive security, however denominated, in an amount or value in excess of an amount equal to one month’s rent, in addition to any rent for the first month paid on or before initial occupancy.",0.8,,,,,
r-0023,MA,algorithmic_rent_setting,An Act relative to preventing algorithmic rent fixing in the rental housing market (H.5222),H.5222 (194th General Court; new draft of H.1564),pending,,,"Not stated on this page. The bill text is not included, so covered software, landlords and units cannot be determined. As a conduct rule it would presumably apply statewide.",,D045,https://malegislature.gov/Bills/194/H5222,An Act relative to preventing algorithmic rent fixing in the rental housing market,0.6,,,,,
r-0024,MA,algorithmic_rent_setting,An Act prohibiting algorithmic rent setting (S.2983),Mass. Senate Bill S.2983 (194th General Court) (new draft of S.994 and S.1016),pending,,,Bill text not shown on this page; as a conduct prohibition it would apply statewide if enacted.,,D046,https://malegislature.gov/Bills/194/S2983,An Act prohibiting algorithmic rent setting,0.6,,,,,
r-0027,MA,application_screening_fees,Broker fee paid only by the party who hired the broker,"M.G.L. c. 112 § 87DDD1/2 (as amended by St. 2025, c. 9, § 43)",in_force,2025-08-01,Broker fee paid only by the party who engaged the broker,All residential rental transactions in Massachusetts involving a licensed real estate broker or salesperson finding dwelling accommodations.,,D057,https://malegislature.gov/Laws/GeneralLaws/PartI/TitleXVI/Chapter112/Section87DDD%201~2,"Any fee shall only be paid by the party, lessor or tenant who originally engaged and entered into a contract with the licensed broker or salesperson.",0.88,,,,,
r-0028,MA,application_screening_fees,"Limit on upfront charges, including payments to landlord's agent (broker fees)","M.G.L. c. 186 § 15B(1)(b) (as amended by St. 2025, c. 9, §§ 54-55)",in_force,2025-08-01,"First month, last month, security deposit (1 month), lock and key cost","All residential tenancies in Massachusetts, except vacation or recreational rentals of 100 days or less.",Does not apply to vacation or recreational leases or rentals of 100 days or less.,D052,https://malegislature.gov/Laws/GeneralLaws/PartII/TitleI/Chapter186/Section15B,"(b) At or prior to the commencement of any tenancy, no lessor or agent of the lessor may require a tenant or prospective tenant to pay, to the lessor or to an agent of the lessor, any amount in excess of the following:",0.85,,,,,
r-0029,MA,just_cause_eviction,Protection against retaliatory reprisal and eviction; six-month presumption,M.G.L. c. 186 § 18,in_force,,"Damages 1-3 months' rent or actual damages, whichever greater; 6-month presumption",All tenants of residential premises in Massachusetts.,Notices of termination for nonpayment of rent do not trigger the presumption.,D053,https://malegislature.gov/Laws/GeneralLaws/PartII/TitleI/Chapter186/Section18,"The receipt of any notice of termination of tenancy, except for nonpayment of rent, or, of increase in rent, or, of any substantial alteration in the terms of tenancy within six months after the tenant has commenced, proceeded with, or obtained relief in such action, exercised such rights, made such report or complaint, or organized or joined such tenants' union or within six months after any other person has taken such action or actions on behalf of the tenant or in, or relating to, the building in which the tenant resides, shall create a rebuttable presumption that such notice or other action is a reprisal against the tenant for engaging in such activities.",0.9,,,,,
r-0030,MA,rent_increase_limits,Statewide prohibition on local rent control (Rent Control Prohibition Act),M.G.L. c. 40P § 4,in_force,,No local rent control of any kind (narrow voluntary exception),"Applies statewide to every city and town and every rental unit. Any rent control a city adopts under the exception must be voluntary for owners after six months. It cannot regulate evictions, occupancy, services or condo conversion. It cannot cover units owned by someone with fewer than ten rental units or units with fair market rent over $400.","A city or town that accepts chapter 40P may adopt rent control regulation only if all of the following hold: (a) owner compliance is entirely voluntary after six months; (b) it does not regulate occupancy, services, evictions, condominium conversion or removal of properties, and it does not apply to units of owners with fewer than ten rental units or units with fair market rent over $400; and (c) the municipality compensates owners for the gap between fair market rent and the controlled rent from general funds.",D048,https://malegislature.gov/Laws/GeneralLaws/PartI/TitleVII/Chapter40P/Section4,"Section 4. No city or town may enact, maintain or enforce rent control of any kind, except that any city or town that accepts this chapter may adopt rent control regulation that provides:",0.8,State preemption of local rent control. Any Massachusetts city rent-stabilization ordinance or proposal would conflict with this section unless the state law is changed. D059: News report mentions the ban without a citation or details; verify against the statute.,,,,
r-0032,MA,rent_increase_limits,Statewide rent control initiative petition removed from November 2026 ballot,"Initiative Petition 25-21 (barred from the 2026 ballot by Cella v. Attorney General, SJC-13893 (Mass. June 23, 2026))",failed,,,"Would have applied statewide; per the AG summary it would not have applied to units operated for educational, religious, or non-profit purposes. It never took effect.","Would not have applied to units operated for educational, religious, or non-profit purposes.",D059,https://www.wgbh.org/news/politics/2026-06-23/rent-control-question-disqualified-due-to-religious-exemption,"The Supreme Judicial Court ruled Tuesday morning that the initiative petition seeking to impose statewide rent control “impermissibly” relates to religion and religious institutions, which are among the matters the state Constitution sets as out of bounds from the initiative petition process.",0.8,,,,,
r-0033,MA,screening_restrictions,Source-of-income discrimination ban (public assistance and housing subsidies),M.G.L. c. 151B § 4,in_force,,,"Applies to any person furnishing rental accommodations in Massachusetts; no unit-count, construction-date or owner-occupancy exemption is stated for this subsection.",,D049,https://malegislature.gov/Laws/GeneralLaws/PartI/TitleXXI/Chapter151B/Section4,"For any person furnishing credit, services or rental accommodations to discriminate against any individual who is a recipient of federal, state, or local public assistance, including medical assistance, or who is a tenant receiving federal, state, or local housing subsidies, including rental assistance or rental supplements, because the individual is such a recipient, or because of any requirement of such public assistance, rental assistance, or housing subsidy program.",0.85,,,,,
r-0034,MA,security_deposits,Security deposit capped at first month's rent,M.G.L. c. 186 § 15B,in_force,,1 month rent,"All residential tenancies in Massachusetts, except vacation or recreational rentals of 100 days or less.",Does not apply to vacation or recreational leases or rentals of 100 days or less.,D052,https://malegislature.gov/Laws/GeneralLaws/PartII/TitleI/Chapter186/Section15B,(iii) a security deposit equal to the first month's rent provided that such security deposit is deposited as required by subsection (3) and that the tenant is given the statement of condition as required by subsection (2);,0.88,,,,,
r-0036,NJ,algorithmic_rent_setting,Forbidding the Algorithmic Inflation of Rent (FAIR) Act – ban on algorithmic rent coordination,"N.J.S.A. 56:9-20 to 56:9-26 (P.L. 2026, c.43; A3497 ACS 1R)",not_yet_effective,2027-07-01,Ban on using or providing algorithmic rent coordination services; violation of NJ Antitrust Act,"All residential dwelling units in New Jersey used as a primary residence (houses, apartments, accessory units), excluding inpatient medical care, licensed long-term care, and detention or correctional facilities. Government-set rents under affordability controls are not a coordinating function.","Not a coordinating function: use of competitively sensitive information solely for research, statistical analysis or testing not used to set or recommend rents/terms; free public rent estimates; real estate brokerage listing databases available on equal terms that do not set or recommend prices or collect sensitive info for that purpose; government affordability controls. Algorithmic device excludes non-AI spreadsheets requiring human analysis and databases that only query unprocessed data.",D069,https://pub.njleg.state.nj.us/Bills/2026/AL26/43_.HTM,"a.     a rental property owner, or any agent,
representative, or subcontractor thereof, to receive, subscribe to, contract
for, or otherwise exchange any form of consideration in return for the use of,
the services of a coordinator;",0.8,"Act preempts conflicting municipal ordinances on algorithmic rent setting. Effective date computed from 'first day of the twelfth month next following the date of enactment' with approval on July 20, 2026; the document does not state the calendar date explicitly.",,,,
r-0037,NJ,application_screening_fees,Residential rental application fee capped at $50 (CPI-adjusted),"N.J.S.A. 46:8-18.1 (P.L. 2025, c.405; A4899)",in_force,2026-05-01,"$50 per application, adjusted annually by CPI","Covers residential rental units statewide, except units in one-family or two-family dwellings, and except real estate licensees who are not themselves the landlord.",Dwelling units in one-family or two-family dwellings offered for rent; licensees of the New Jersey Real Estate Commission unless the licensee is the landlord.,D066,https://pub.njleg.gov/bills/2024/PL25/405_.HTM,"1. a. A landlord, or
agent thereof, shall not require an application or other similar fee to apply
to lease or sublease a residential rental property for dwelling purposes, which
exceeds $50.",0.6,,,,,
r-0038,NJ,just_cause_eviction,Anti-Eviction Act: good cause required to evict or refuse to renew,"N.J.S.A. 2A:18-61.1 et seq. (L.1974, c.49)",in_force,,Listed good cause required; relocation for illegal occupancy = 6x monthly rent,"Most residential rentals, including single-family homes, apartment buildings, mobile homes and mobile home park lots, and rooming and boarding homes. Owner-occupied premises with two or fewer rental units (owner-occupied two- or three-family dwellings) are excluded.","Owner-occupied two- or three-unit premises with two or fewer rental units; transient or seasonal hotel, motel and guest house guests (unless they reside there continually and have no other residence); units held in trust for a developmentally disabled family member.",D067,https://www.nj.gov/dca/codes/publications/pdf_lti/t_i_r.pdf,"No residential landlord may evict or fail to renew a 
lease, whether it is a written or an oral lease without good cause. The landlord must be able to 
prove in court that he has grounds for an eviction.",0.8,,,,,
r-0039,NJ,rent_increase_limits,No statewide rent cap; increases must not be unconscionable and must comply with local rent control,N.J.S.A. 2A:18-61.1(f),in_force,,No state cap; increase must not be unconscionable,"Residential tenancies covered by the Anti-Eviction Act. Local rent control ordinances, where a municipality has adopted one, set the actual limits.",,D067,https://www.nj.gov/dca/codes/publications/pdf_lti/t_i_r.pdf,"The increase in rent must not be 
unconscionable; it must not be so unreasonable as to shock the conscience of a fair and honest 
person and must comply with any municipal ordinances governing rent increases.",0.8,,,,,
r-0040,NJ,rent_increase_limits,No rent increases to cover condominium or cooperative conversion costs,N.J.S.A. 2A:18-61.31,in_force,,,"All tenants in buildings converted to condominium, cooperative or fee simple ownership, regardless of protected tenancy status.",,D067,https://www.nj.gov/dca/codes/publications/pdf_lti/t_i_r.pdf,"If a building is converted to a condominium or cooperative form of ownership, or to fee 
simple ownership of units, rents may not be increased to cover cos ts resulting solely from the 
conversion (N.J.S.A. 2A:18-61.31).",0.7,,,,,
r-0041,NJ,rent_increase_limits,Newly constructed multiple dwellings exempt from local rent control for 30 years,"N.J.S.A. 2A:42-84.2 (P.L.1987, c.153)",in_force,,30-year exemption from local rent control after completion of construction,"Newly constructed multiple dwellings, for 30 years following completion of construction.",,D067,https://www.nj.gov/dca/codes/publications/pdf_lti/t_i_r.pdf,"Under the Newly Constructed Multiple Dwellings Law ( N.J.S.A. 2A:42 -84.5), newly 
constructed multiple dwellings shall be exempt from any local rent control ordinances for a period 
of 30 years following completion of construction of the building.",0.75,"State exemption limits the reach of local rent control ordinances. The guide does not state the statute's procedural conditions, such as filing requirements before construction, which a reviewer should check.",,,,
r-0042,NJ,screening_restrictions,Law Against Discrimination bars source-of-income discrimination,N.J.S.A. 10:5-12(g),in_force,,"Source of lawful income protected; penalties up to $10,000 for a first offense","All landlord-tenant relationships, except two-family owner-occupied dwellings, rooms in an owner- or resident-occupied single home, and single-sex residences.",Two-family owner-occupied dwellings; rooms in an owner- or resident-occupied single home; residences planned exclusively for and occupied by one sex.,D067,https://www.nj.gov/dca/codes/publications/pdf_lti/t_i_r.pdf,"The New Jersey Law Against Discrimination (LAD), 
N.J.S.A. 10:5-12(g) to -(h), prohibits discrimination when selling or renting property and requires 
equal treatment in the sale or rental of housing regardless of race, creed, color, national origin, 
ancestry, sex, marital status, civil union status, domestic partnership status, familial status, 
affectional or sexual orientation, gender  identity or expression, mental and physical disability, 
nationality, or source of lawful income.",0.8,,,,,
r-0043,NJ,screening_restrictions,Fair Chance in Housing Act: no criminal-history questions before a conditional offer,"N.J.S.A. 46:8-55 (P.L. 2021, c.110, § 4; Fair Chance in Housing Act)",in_force,2022-01-01,No criminal-record inquiry before conditional offer,All rental dwelling units statewide except units in owner-occupied buildings of four or fewer units.,Owner-occupied premises of not more than four dwelling units. Inquiries about methamphetamine manufacture on federally assisted housing premises and lifetime sex-offender registration are allowed.,D065,https://pub.njleg.gov/bills/2020/PL21/110_.HTM,"A housing
provider
shall not make any oral or written inquiry
regarding an applicant’s criminal record prior to making a conditional offer.",0.8,,,,,
r-0045,NJ,screening_restrictions,Fair Chance in Housing Act: limits on criminal records considered after a conditional offer,"N.J.S.A. 46:8-56 (P.L. 2021, c.110, § 5)",in_force,2022-01-01,Lookback: 1st degree 6 yrs; 2nd/3rd degree 4 yrs; 4th degree 1 yr,All rental dwelling units statewide except units in owner-occupied buildings of four or fewer units.,Owner-occupied premises of not more than four dwelling units.,D065,https://pub.njleg.gov/bills/2020/PL21/110_.HTM,"After the issuance of a conditional offer to an
applicant, a housing provider may only consider a criminal record in the
applicant’s history that:",0.8,,,,,
r-0047,NJ,security_deposits,Security deposit capped at 1.5 months' rent,"N.J.S.A. 46:8-21.2 (see also N.J.S.A. 46:8-19, 46:8-21.1, 46:8-26)",in_force,,1.5 months' rent (max 2.5 months total at lease start including first month's rent),"Most residential rental properties, including mobile homes. Owner-occupied two- or three-family dwellings are exempt unless the tenant makes a written request, which brings the tenancy under the law 30 days later.","Owner-occupied two- or three-family dwellings, unless the tenant requests coverage in writing (coverage applies 30 days after the request).",D067,https://www.nj.gov/dca/codes/publications/pdf_lti/t_i_r.pdf,"The maximum-security deposit to be collected by the landlord cannot be more than 
one and one-half times one month’s rent ( N.J.S.A. 46:8-21.2 ). It can be less. Any additional 
yearly security deposit increase may not exceed 10% of the current security deposit.",0.8,,,,,
r-0049,"Berkeley, CA",algorithmic_rent_setting,Prohibition on sale or use of coordinated pricing algorithms to set rents or occupancy levels,"Berkeley Mun. Code §§ 13.63.030, 13.63.040 (Ord. No. 7,992-N.S.)",in_force,2026-03-01,"Civil penalties up to $1,000 per violation (each month and each unit a separate violation)","All residential dwelling units in the City of Berkeley. Excluded from the definition: aggregated, anonymous rental data reports that do not recommend rents; tools for setting affordable-housing rent or income limits; and market research for project financing, appraisals, or software research, testing, or training.","Excludes aggregated, anonymous rental data reports that do not recommend rents or terms; products used to set rent or income limits under affordable housing guidelines; and information used for project-financing market research, appraisals, or software research, testing, or training (if competitor data is not an input when a recommendation is calculated). Competitor Data means non-public data under 90 days old about properties the landlord does not own or manage.",D001,https://berkeleyca.gov/sites/default/files/documents/2025-12-02%20Item%2001%20Ordinance%207992.pdf,"It shall be unlawful for a landlord to use a coordinated pricing algorithm described 
in subsection A when setting rents or occupancy levels for residential dwelling units in 
the City of Berkeley.",0.75,"Effective date 2026-03-01 comes from Berkeley Mun. Code § 13.63.030 (Ord. No. 7,974-N.S.) (X002); this card's ordinance is a different one, so check that the date still holds. D002: Secondary law-firm source gives the effective date only as 'January 2026' (no exact day). The brief flags Berkeley's effective date as an open question, so verify against the ordinance text.",,,,
r-0051,"Berkeley, CA",application_screening_fees,Required tenant screening fee rights statement and fee cap disclosure,Berkeley Mun. Code § 13.78.010,in_force,,,All residential rental property in Berkeley where the owner charges a screening/application fee.,,D005,https://rentboard.berkeleyca.gov/laws-regulations/city-berkeley-ordinances-affecting-rental-properties/tenant-screening-and,"Pursuant to California law you have tenant screening fee rights, including the right to a copy of your consumer credit report if one is obtained with your screening fee, a refund of any unused portion of the fee and a receipt of the costs of the screening.",0.8,,,,,
r-0052,"Berkeley, CA",application_screening_fees,Ban on non-refundable fees for renewals and roommate changes,"Berkeley Mun. Code §§ 13.78.016, 13.78.018 (Ord. 7697-NS)",in_force,,,"All existing residential tenancies in Berkeley, regardless of lease terms.",,D005,https://rentboard.berkeleyca.gov/laws-regulations/city-berkeley-ordinances-affecting-rental-properties/tenant-screening-and,"An owner of residential rental property (or the owner’s agent) cannot charge a non-refundable fee to any existing tenant for the purpose of renewing a tenancy, in whole or in part, including any fee associated with the departure of a roommate or to request to add or replace a roommate in a pre-existing household.",0.85,,,,,
r-0053,"Berkeley, CA",just_cause_eviction,Relocation assistance for Ellis Act evictions (2026 inflation adjustment),"Berkeley Mun. Code § 13.77.055(A) (Ord. 7507-NS); see also id. § 13.77.055(A)(2), (C)",in_force,2026-01-01,"$19,413 standard; additional $6,471 for qualifying households (2026)","Tenants evicted so the owner can remove the property from the rental market, under Berkeley's Ellis Implementation Ordinance. The document does not describe which units are covered.",,D004,https://rentboard.berkeleyca.gov/elected-rent-board/news/2026-adjustments-relocation-assistance-payments,The Ellis Implementation Ordinance requires the same relocation assistance payments for tenants evicted so the owner can remove a property from the rental housing market.,0.8,,,,,
r-0054,"Berkeley, CA",just_cause_eviction,Nonpayment eviction requires debt of at least one month's Fair Market Rent,"Berkeley Mun. Code § 13.76.130(A)(1) (Ord. No. 7,950-N.S., Berkeley Tenant Protection and Right to Organize Act, approved by voters Nov. 5, 2024)",in_force,,rental debt ≥ 1 month HUD Fair Market Rent,"Units fully or partially covered by the Berkeley Rent Ordinance, including post-1980 new construction, single-family homes, condos, and government-owned or subsidized units.",Units where the tenant shares kitchen or bath facilities with a landlord who resided there before the tenant are exempt.,D006,https://rentboard.berkeleyca.gov/laws-regulations/measure-bb-changes-berkeleys-rent-ordinance,"For a landlord to evict a tenant for nonpayment of rent, the tenant must owe an amount of rental debt equal to or greater than one month of the Fair Market Rent (FMR) value for a unit of equivalent size in the metro area Oakland-Fremont, CA HUD Metro FMR as determined by the US Department of Housing and Urban Development for the fiscal year in which the rent is demanded.",0.8,,,,,
r-0056,"Berkeley, CA",just_cause_eviction,Relocation assistance for owner move-in evictions (2026 inflation adjustment),"Berkeley Mun. Code § 13.76.130(A)(8)(g) (Rent Stabilization and Eviction for Just Cause Ordinance, Ord. No. 7,950-N.S.); see also id. § 13.76.130(A)(8)(h)",in_force,2026-01-01,"$19,413 standard; additional $6,471 for qualifying households (2026)",Tenants evicted for owner move-in under Berkeley's Rent Stabilization and Good Cause for Eviction Ordinance. The document does not describe which units are covered.,,D004,https://rentboard.berkeleyca.gov/elected-rent-board/news/2026-adjustments-relocation-assistance-payments,The Rent Stabilization and Good Cause for Eviction Ordinance requires owners to pay tenants relocation assistance in the event of an owner move-in eviction.,0.8,,,,,
r-0058,"Berkeley, CA",rent_increase_limits,Berkeley 2026 Annual General Adjustment (AGA) of 1.0%,"Berkeley Mun. Code § 13.76.110 (Ord. No. 7,950-N.S., approved by voters Nov. 5, 2024); Berkeley Rent Stabilization Board Reg. 1148 (Annual General Adjustment Order for 2026)",in_force,2026-01-01,2026 AGA 1.0% (65% of Bay Area CPI increase); AGA can never exceed 5%,"Units under Berkeley's rent stabilization program with permanent rent ceilings. This notice does not state which buildings are covered or exempt. The 2026 AGA does not apply to tenancies that began on or after January 1, 2025 with rents set under Costa-Hawkins.","The 2026 AGA may not adjust rents for tenancies that began on or after January 1, 2025 whose rents were set under the Costa-Hawkins Rental Housing Act. Landlords must meet the eligibility conditions in Regulation 1148.",D008,https://rentboard.berkeleyca.gov/sites/default/files/documents/AGA%20Public%20Notice.pdf,"At its regular meeting on October 16, 2025, the Berkeley Rent Stabilization Board 
adopted the Annual General Adjustment (AGA) Order for Year 2026 which will allow 
eligible landlords to increase the 2025 permanent rent ceilings by 1.0% no earlier than 
January 1, 2026.",0.85,D006: Document says fully covered units are those in multifamily properties 'built before 1980' while new construction is units with a certificate of occupancy 'issued after 1980'; treatment of 1980 itself is ambiguous. Code section not stated.,,,,
r-0060,"Berkeley, CA",screening_restrictions,Ronald V. Dellums Fair Chance Access to Housing Ordinance,"Berkeley Mun. Code § 13.106.040(A) (Ord. 7692-NS, Ronald V. Dellums Fair Chance Access to Housing Ordinance); see also id. § 13.106.040(E)",in_force,,"No criminal history inquiries; fines $1,000–$10,000 per violation","Rental housing in Berkeley, with exemptions for owner-occupied properties of 1-3 units where an owner of record lives on site, limited exemptions for public housing/Section 8, lifetime sex offender registrants, units rented under owner move-back agreements, and existing tenants subletting or adding roommates.",Lifetime sex offenders; limited exemptions for public housing/Section 8 properties; owner-occupied properties of 1-3 units where an owner of record resides as primary residence; units under owner move-back agreements (BMC 13.76.130 A.9); units occupied by existing tenants seeking to sublet or add/replace roommates.,D003,https://rentboard.berkeleyca.gov/Fair_Chance,"The Fair Chance Access to Housing Ordinance prohibits rental housing providers in Berkeley from asking about and using criminal history and/or criminal background checks in their rental housing advertising, applications, tenant selection process, or decision-making.",0.8,,,,,
r-0061,"Berkeley, CA",security_deposits,Annual interest on security deposits under Berkeley Rent Ordinance,Berkeley Mun. Code § 13.76.070 (Rent Stabilization and Eviction for Just Cause Ordinance),in_force,,,Tenancies in units fully or partially covered by the Berkeley Rent Ordinance.,,D007,https://rentboard.berkeleyca.gov/rights-responsibilities/security-deposits,"For tenancies in units fully or partially covered by Berkeley's Rent Ordinance, landlords must pay tenants interest on their security deposit at the end of each year and a prorated amount if the tenant moves out before the end of the year.",0.7,,,,,
r-0062,"Boston, MA",just_cause_eviction,Housing Stability Notification Act – Notice of Tenants' Rights and Resources,"Boston City Code §§ 10-11.4, 10-11.7 (Housing Stability Notification Act)",in_force,2020-11-06,Notice of Tenants' Rights and Resources with Notice to Quit; fine up to $300/day,All landlords in Boston (and foreclosing owners for the city filing requirement) who plan to end a tenancy.,,D013,https://www.boston.gov/housing-stability-notification-act,"The Housing Stability Notification Act requires
ALL LANDLORDS
planning to end a tenancy agreement to provide the tenant with a Notice of Tenants’ Rights and Resources.",0.8,"Notice requirement only; Boston, MA has no just-cause eviction law.",,,,
r-0064,"Boston, MA",just_cause_eviction,Boston home rule petition for tenant eviction protections (H.3744),"H.3744 (193rd General Court, 2023-2024)",failed,,,Would have authorized tenant eviction protections in the City of Boston. The page does not give coverage details.,,D011,https://malegislature.gov/Bills/193/H3744,An Act petition for a special law authorizing the city of Boston to implement rent stabilization and tenant eviction protections,0.55,"Bill history ends with 'Accompanied a study order, see H5035' (9/9/2024). Treated as failed because the 193rd session ended. The page gives no details on what the eviction protections would have been.",,,,
r-0065,"Boston, MA",rent_increase_limits,Boston home rule petition for rent stabilization (H.3744),"H.3744 (193rd General Court, 2023-2024)",failed,,,Would have authorized rent stabilization in the City of Boston. The page does not give coverage details.,,D011,https://malegislature.gov/Bills/193/H3744,An Act petition for a special law authorizing the city of Boston to implement rent stabilization and tenant eviction protections,0.6,"Bill history ends with 'Accompanied a study order, see H5035' (9/9/2024). Treated as failed because the 193rd session ended, but the page does not expressly say the bill died.",,,,
r-0066,"Boston, MA",screening_restrictions,"Boston Fair Chance Tenant Selection Policy (criminal history screening) (a city policy, not an ordinance)",Boston DND Fair Chance Tenant Selection Policy (February 2017),in_force,,convictions older than 5 years may not be considered,"Only housing providers receiving Boston DND funding and/or land, or with income-restricted units created under the BPDA Inclusionary Development Policy; also applied to the Office of Fair Housing and Equity Affirmative Marketing Program.",Does not apply where there is a direct relationship between a conviction and the housing sought and/or unreasonable risk of substantial harm to the safety of others; does not apply to current criminal behavior; federal or state criminal history requirements that conflict preempt the policy.,D010,https://drive.google.com/file/d/1j4U3fDtmnYuwcUWhx5BMUcXc1bnKT8Ku/view?usp=sharing,"Housing providers receiving Department of Neighborhood Development (DND) funding and/or 
land, or that have income restricted units created under the Boston Planning and Development 
Agency (BPDA) Inclusionary Development Policy will not impose a blanket policy that denies 
housing to anyone with arrests and or convictions. Housing providers will consider applicants on 
a case-by-case basis.",0.75,,,,,
r-0067,"Boston, MA",screening_restrictions,Boston fair housing ban on rental-assistance (source of income) discrimination,"Boston Fair Housing Commission Regulations, Reg. 1.04(m) (adopted Mar. 1, 2001); see also id. Reg. 1.01, 1.02(kk) (authority: City of Boston Code, Ordinances, Title 10, §§ 150-157 (1982); St. 1994, c. 37)",in_force,,,"All housing rentals in the City of Boston, as described by the city's Fair Housing Commission page.",,D012,https://www.boston.gov/departments/fair-housing-and-equity/boston-fair-housing-regulations,The landlord tells you they don't accept rental assistance.,0.6,,,,,
r-0068,"Cambridge, MA",just_cause_eviction,Tenants Rights and Resources Notification Ordinance: notice of rights when a tenancy is terminated,Cambridge Mun. Code § 8.71.040.1 (Ord. No. 2020-15; Ord. No. 2024-3),in_force,,,"All residential rental agreements in Cambridge, including a single rental unit in an owner-occupied building and tenants at will, except units in hospitals, skilled nursing or health facilities, non-profit short-term substance-abuse treatment facilities, and short-term rental units.","Does not apply to rental units in a hospital, skilled nursing facility or health facility, non-profit short-term substance-abuse treatment facilities, or Short Term Rental Units under Cambridge Zoning Ordinance Article 4, Section 4.60.",D031,https://www.cambridgema.gov/tenantrights,The Ordinance also requires that a landlord provide the Guide to tenants when legal steps to terminate a tenancy are taken (ex. Notice to Quit or Summary Process).,0.82,"Notice requirement only; Cambridge, MA has no just-cause eviction law.",,,,
r-0069,"Cambridge, MA",screening_restrictions,Cambridge Fair Housing Ordinance: source-of-income discrimination prohibited,"Cambridge Mun. Code § 14.04.040 (Ord. No. 1414, as amended by Ord. No. 2023-8B)",in_force,,,"Covers rental housing transactions in Cambridge, except two-family dwellings where the owner lives in the building.","Exemption for 2-family dwellings when the owner lives there. Landlords may still apply reasonable standards uniformly, such as ability to pay rent and to care for the apartment.",D029,https://www.cambridgema.gov/departments/humanrightscommission,"Source of Income, includes Section 8 and public benefits",0.68,,,,,
r-0070,"Hoboken, NJ",algorithmic_rent_setting,Prohibition Against Algorithmic Rent-Fixing in the Rental Housing Market,"Hoboken Code § 158-2 (Ord. No. B-781, adopted July 9, 2025)",in_force,2025-07-29,"Fine up to $2,000 or up to 90 days community service","All residential dwelling units (primary residences) in Hoboken, excluding medical/long-term care and detention facilities.",Medical/long-term care and detention facilities are excluded from the definition of residential dwelling unit.,D034,https://hobokennj.iqm2.com/Citizens/Detail_LegiFile.aspx?ID=12291&MeetingID=2943,Landlords who rent any residential dwelling unit (defined as any primary residence excluding medical/long-term care or detention facilities) in the City of Hoboken are prohibited from price fixing using algorithmic pricing.,0.8,"Ordinance title adds new Section 158-2 to Chapter 158, but the body heading numbers the section § 154-8; codified section number should be verified.",,,,
r-0071,"Hoboken, NJ",rent_increase_limits,Vacancy decontrol: new tenant's initial rent capped at 25% over prior rent,Hoboken Code § 155-31,in_force,,25% over last rent paid by vacating tenant,"Rent-controlled apartment units in Hoboken that are registered under § 155-30, upon a qualifying vacancy. This excerpt does not state which buildings Chapter 155 covers.",Capital improvement surcharge in the last rent is excluded from the 25% computation.,X004,https://ecode360.com/15252572,"Provided that a dwelling is registered in accordance with § 155-30 upon the vacation of a residential apartment unit by a tenant, the apartment unit shall become decontrolled and exempt from the provisions of this chapter for the new tenant's initial rental; provided, however, that said rental shall be limited to an increase of 25% over the last rental paid by the tenant who voluntarily vacated the rental unit, exclusive of any capital improvement surcharge that is a component of said last rental.",0.8,,,,,
r-0072,"Hoboken, NJ",rent_increase_limits,Vacancy decontrol allowed only after voluntary vacancy or lawful eviction,Hoboken Code § 155-32,in_force,,,Hoboken rent-controlled apartment units for which a landlord seeks vacancy decontrol.,,X004,https://ecode360.com/15252572,"If the Board finds that a landlord is seeking to decontrol or has decontrolled an apartment unit and the tenant has vacated the unit under circumstances other than those set forth in this section, the Rent Board may rescind the decontrol of the apartment unit, and the rent shall revert to that rental on the apartment unit prior to the vacation of the apartment, and prosecute the landlord for violation of the chapter under § 155-21.",0.75,,,,,
r-0073,"Hoboken, NJ",rent_increase_limits,Vacancy decontrol limited to once every three years,Hoboken Code § 155-34,in_force,,once per 3 years,Hoboken rent-controlled dwelling units subject to vacancy decontrol under Article VII.,,X004,https://ecode360.com/15252572,No dwelling unit shall be decontrolled pursuant to this article more than once in any three-year period.,0.8,,,,,
r-0075,"Hoboken, NJ",rent_increase_limits,Hoboken rent increase cap at lease expiration or termination,Hoboken Code § 155-5 (Ord. No. B-532),in_force,,lesser of 5% or CPI change; one increase per 12 months,Housing spaces subject to Hoboken's Rent Control chapter (Chapter 155); this section does not itself state building-age or unit-count limits.,,D033,https://ecode360.com/15252470,"At the expiration of a lease or at the termination of a lease of a periodic tenant, no landlord may request or receive a percentage increase in rent which is greater than 5% or the percentage difference between the consumer price index three months prior to the expiration or termination of the lease and three months prior to the commencement of the lease term, whichever is less.",0.85,Matched against an ecode360 printout dated 2024-02-24 hosted by a landlord advocacy group (hobokenmsta.com).,,,,
r-0076,"Hoboken, NJ",rent_increase_limits,"2024 Hoboken public question to allow market-rate rent on vacated units for a $2,500 fee (rejected)","Hoboken Public Question, Nov. 5, 2024 general election (initiative ordinance amending Hoboken Code § 155-31)",failed,,"$2,500 fee for market-rate rent on vacancy (rejected)",Would have applied to voluntarily vacated apartments subject to Hoboken's Rent Control ordinance (Chapter 155).,,X003,https://www.hudsoncountyclerk.org/wp-content/uploads/2024/11/2024-General-Election-MWD-Results-with-Voting-Method-Details-Official.pdf,"Shall the ordinance submitted by initiative petition, providing for an amendment to Hoboken City Code Chapter 155 (Rent Control) at Section 155-31 to provide an option to landlords to pay a fee of $2,500 to the Hoboken Affordable Housing Fund in order to lease voluntarily vacated apartments at a freely negotiated rent, which thereafter remain subject to the provisions of the Rent Control ordinance, including limitations on annual increases, be adopted?",0.9,Voters rejected; Chapter 155 unchanged (the measure would have amended § 155-31; the § 155-5 cap stands).,,,,
r-0078,"Jersey City, NJ",algorithmic_rent_setting,Preventing Algorithmic Rent-Fixing in the Rental Housing Market,"Jersey City Code § 218-12(2)(1) (Ord. 25-057, as amended by Ord. 25-076 and Ord. 25-098); see also id. § 218-12(2)(2), (4)(a)(i)(1), (4)(b), (4)(c)(i)",in_force,2025-06-10,"Ban on using algorithmic rent-setting services; violations $100-$2,000 per day","All residential dwelling units in Jersey City used as a primary residence (houses, apartments, accessory units); excludes inpatient medical care, licensed long-term care and detention or correctional facilities.",Owners of multiple properties acting exclusively with respect to properties they control are not 'coordinating'; licensed real estate agents operating under state regulations are not service providers; information that is 365+ days old or freely public is not nonpublic competitor information.,D035,https://cityofjerseycity.civicweb.net/document/429156/Ordinance%20Amending%20Chapter%20218%20creating%20section.pdf,"It is unlawful for any real estate lessor, agent, or subcontractor thereof, to subscribe to, contract with, or otherwise 
exchange anything of value in return for the services of a Service Provider.",0.8,"Ordinance text calls Chapter 218 both 'Multiple Dwellings' and 'Fees and Charges', and renumbers existing §§ 218-12 through 218-18; codified section number should be verified. Effective date is computed, not stated.",,,,
r-0079,"Jersey City, NJ",rent_increase_limits,Jersey City Rent Control Ordinance (Chapter 260),"Jersey City Code ch. 260 (Ord. No. C-14A); see also id. § 260-1 (definition of ""Dwelling,"" exemption A.1)",in_force,,,Rental properties in Jersey City covered by the Rent Control Ordinance; all 1-4 unit properties are exempt. Other exemptions exist but are not listed on this page.,"All 1-4 unit properties are exempt; owners may submit a Rent Control Exemption Request if they meet other permitted exemption criteria, which this page does not list.",D036,https://www.jerseycitynj.gov/landlordtenant,Please Note: All 1-4 Unit Properties are exempt from rent control,0.7,,,,,
r-0080,"Los Angeles, CA",just_cause_eviction,RSO legal reasons for eviction and relocation assistance,L.A. Mun. Code § 151.09 (Rent Stabilization Ordinance),in_force,,Listed causes only; relocation assistance for no-fault evictions; notice filed with LAHD within 3 business days,"Rental units subject to the Los Angeles RSO: generally properties first built on or before October 1, 1978, plus replacement units.",,D041,https://housing.lacity.gov/residents/rso-overview,"No-fault evictions require the payment of
relocation assistance
.",0.75,,,,,
r-0081,"Los Angeles, CA",just_cause_eviction,Relocation assistance and LAHD filing for no-fault evictions under the RSO and JCO,"L.A. Mun. Code § 151.09(G) (Rent Stabilization Ordinance) (as amended through Ord. No. 188795); L.A. Mun. Code § 165.06(A) (Just Cause for Eviction Ordinance) (Ord. No. 187737, as amended through Ord. No. 188795); see also id. § 165.06(G), § 165.06(A)(6), § 165.05(B)(2), § 165.05(B)(3), § 165.05(B)(4), § 165.07; L.A. Mun. Code § 151.09(A), § 151.30(E), §§ 47.06, 47.07",in_force,2026-07-01,"Eligible: $11,000 (<3 yrs) / $14,400 (3+ yrs or low income); Qualified: $23,150 / $27,400; Mom & Pop owner-move-in: $10,550 / $21,250; JCO single-family home owned by natural person: 1 month's rent (July 1, 2026–June 30, 2027)","Units covered by the Los Angeles Rent Stabilization Ordinance (RSO) or the Just Cause Ordinance (JCO). Relocation is also required for demolition or conversion to condominiums, hotels, or commercial use regardless of RSO/JCO status (LAMC 47.06 & 47.07). Mom & Pop landlords may pay reduced amounts for owner or relative move-ins in buildings of four or fewer units. Single-family homes under the JCO owned by a natural person with no more than four units plus one single-family home pay one month's rent.","No relocation is owed when a resident manager is replaced by another resident manager, unless the manager is a tenant receiving free or reduced rent with no other compensation. No relocation is owed for evictions required by natural-disaster hazards not caused by landlord negligence. A landlord may offset accumulated unpaid rent against relocation assistance, except where the payment is owed because of a government order to vacate or an unpermitted dwelling. Mom & Pop reduced amounts apply only to owner or relative move-ins where all four conditions are met: the building has 4 or fewer units; the provision was not used in the prior 3 years; the landlord owns no more than 4 units plus a single-family home in the City; and the relative owns no residential property in the City.",D043,https://housing.lacity.gov/wp-content/uploads/2026/08/Relocation-Assistance-Bulletins-A-and-B-Combined.pdf,"All tenant not- at-fault evictions require payment of relocation assistance and the filing of a 
Declaration of Intent to Evict form with the Los Angeles Housing Department (LAHD) before 
evicting tenants from units covered by the Rent Stabilization Ordinance (RSO) or the Just Cause 
Ordinance (JCO).",0.8,"Bulletin A says a copy of the termination notice must be filed with LAHD no later than 3 days after service, while Bulletin B says within 3 business days. The fee chart in Bulletin B is labeled effective July 1, 2025 to June 30, 2026, while Bulletin A labels the same fees July 1, 2026 to June 30, 2027.",,,,
r-0082,"Los Angeles, CA",just_cause_eviction,"Los Angeles Just Cause Ordinance (JCO): just cause required, relocation assistance for no-fault evictions",L.A. Mun. Code § 165.00 et seq. (Ord. No. 187737),in_force,,Just cause required after 6 months' tenancy or lease expiration; relocation assistance for no-fault evictions,"Most residential rental properties in the City of Los Angeles not regulated by the Rent Stabilization Ordinance, including buildings newer than October 1, 1978 and single-family dwellings. Applies once the tenant has lived in the unit at least six months or the original lease has expired, whichever comes first.","Units under the RSO (covered separately); transient hotels, licensed care facilities, fraternity/sorority houses, owner's roommate, certain cooperatives, some non-profit homeless or treatment facilities, some HACLA or government properties. Tenancies under six months whose original lease has not expired.",D040,https://housing.lacity.gov/residents/just-cause-for-eviction-ordinance-jco,It prohibits terminations of tenancies without just cause and requires relocation assistance for no-fault evictions.,0.8,,,,,
r-0083,"Los Angeles, CA",just_cause_eviction,No eviction for nonpayment unless arrears exceed Fair Market Rent,"L.A. Mun. Code §§ 151.09(A)(1), 165.03(A) (Ord. No. 187763)",in_force,2023-03-27,Arrears must exceed the Fair Market Rent (FMR) for the unit's bedroom size,All RSO and JCO rental units in the City of Los Angeles.,,D040,https://housing.lacity.gov/residents/just-cause-for-eviction-ordinance-jco,"Effective March 27, 2023, landlords may not evict a tenant who falls behind in rent unless the tenant owes an amount higher than the Fair Market Rent (FMR).",0.75,,,,,
r-0084,"Los Angeles, CA",just_cause_eviction,Resident Protections Ordinance relocation for demolition of Protected Units for new construction,L.A. Ord. No. 188481 and Ord. No. 188482,in_force,2025-02-11,"RPO standardized payments: Extremely Low $115,480; Very Low $96,750; Low $87,450; above low income gets RSO/JCO Chart A amounts (July 1, 2026–June 30, 2027)",Protected Units demolished for new construction within 5 years after the Notice of Intent to Withdraw or Declaration of Intent to Evict is filed. Protected Units are: units under an affordability covenant within the past 5 years; units under rent control within the past 5 years (all RSO units); units rented by lower or very low income households within the past 5 years; and units withdrawn under the Ellis Act within the past 10 years. Enhanced payments go only to lower-income (80% AMI or lower) households.,Regular RSO/JCO relocation rules apply if the units to be demolished are not Protected Units or are not occupied by a lower-income tenant.,D043,https://housing.lacity.gov/wp-content/uploads/2026/08/Relocation-Assistance-Bulletins-A-and-B-Combined.pdf,"Owners who demolish a Protected Unit for the purpose of new construction within 5 years after the 
filing of the Notice of Intent to Withdraw or Declaration of Intent to Evict with LAHD are required to 
comply with relocation requirements under the RPO. Failure to comply with the RPO may result in 
financial penalties starting at $250,000 per displaced unit and withholding of LAHD permit clearances.",0.75,,,,,
r-0086,"Los Angeles, CA",rent_increase_limits,Rent Stabilization Ordinance (RSO) annual allowable rent increase,L.A. Mun. Code § 151.06(D) (Ord. No. 188795); see also id. § 151.02 (Ord. No. 184822),in_force,,Once every 12 months by the LAHD allowable rent increase percentage; no added utility percentage after 2026-02-02,"Rental properties in the City of Los Angeles first built on or before October 1, 1978, plus replacement units under LAMC 151.28. Covers apartments, duplexes, two or more single-family dwellings on one parcel, units attached to commercial buildings, ADUs/JADUs, long-term hotel/rooming house rooms, and mobile homes in parks. Condo and townhome rents are not regulated for tenancies that began after December 31, 1995.","Rent can reset to market after a voluntary move-out, certain at-fault evictions, or a tenant buyout agreement. Condo and townhome rents are unregulated for tenancies starting after 12/31/1995. A luxury exemption is available. LAHD-approved increases are allowed for capital improvements, primary renovation, seismic retrofit, rehabilitation, and just and reasonable return. A 10% increase is allowed for an additional (non-dependent) tenant.",D041,https://housing.lacity.gov/residents/rso-overview,"Rent may be increased once every 12 months by the allowable rent increase percentage (click here to
view the allowable rent increase PDF
). Effective February 2, 2026, the landlord can no longer include an additional percentage increase for utilities.",0.75,"D042: Sources disagree: status in_force; effective date 2025-07-01 / 2026-02-02. Official code (O087) history for § 151.06: Ord. No. 188,795, effective 2026-02-02; Ord. No. 188,911, effective 2026-04-20.",,,,
r-0088,"Los Angeles, CA",security_deposits,Interest on security deposits for RSO units,L.A. Mun. Code § 151.06.02 (Ord. No. 175020; Ord. No. 166368; Ord. No. 174017),in_force,2004-01-01,3.03% simple interest for 2026 (Rent Adjustment Commission rate) or actual interest earned,"Rental units subject to the Los Angeles Rent Stabilization Ordinance (dwelling units, condominiums, duplexes, guest rooms and hotel/rooming house rooms occupied by the same tenant over 30 days) with a certificate of occupancy first issued before October 1, 1978; deposits held at least one year. Mobile home parks excluded.",Mobile home parks; no interest was required for calendar year 2002.,D044,https://housing.lacity.gov/wp-content/uploads/2023/01/44-Interest-Payments-on-Security-Deposits-English.pdf,The interest rate set by the Rent Adjustment Commission for 2026 is 3.03%.,0.8,,,,,
r-0089,"Newark, NJ",rent_increase_limits,Newark rent control annual increase cap (max 4%),"Newark Mun. Code § 19:2-3.1 (Ord. 6 PSF-A(S), 9-5-17)",in_force,2017-09-05,max 4% per 12 months,Certain residential rental units in Newark subject to the Municipal Rent Control Ordinance; this page does not state the coverage thresholds or exemptions.,Not stated on this page.,D070,https://www.newarknj.gov/255/Division-of-Rent-Control,"In no case shall the allowable rent increase exceed 4%. The allowable annual increase will not be permitted, if the dwelling is not in substantial compliance and/or if the landlord has not met the registration requirements as specified in this subsection 19:2-9.8.",0.75,,,,,
r-0090,"San Diego, CA",algorithmic_rent_setting,Prohibition of anti-competitive automated rent price-fixing (algorithmic devices),"San Diego Mun. Code § 98.1103(b) (Ord. O-21955 N.S.); see also id. §§ 98.1103(a), 98.1102, 98.1104(a)",in_force,2025-06-21,"Up to $1,000 civil penalty per violation; each month and each property is a separate violation",All residential rental property in the City of San Diego. The ban covers the sale or licensing of algorithmic devices and any landlord's use of them to set rents or occupancy levels.,"Not an algorithmic device: (a) software that publishes reports from aggregated historical nonpublic data more than 90 days old, or from public information, and does not recommend future rents or occupancy; (b) software used to set rents or income limits under local, state or federal affordable housing program guidelines; (c) appraisal software that does not recommend rental rates during runtime.",D076,https://sandiego.gov/sites/default/files/2025-04/automated-rent-price-fixing-prohibition-ordinance-materials.pdf,"(b) It is unlawful for a landlord to use an algorithmic device to set rental rates
or occupancy levels for residential rental property.",0.7,,,,,
r-0093,"San Diego, CA",just_cause_eviction,San Diego Residential Tenant Protections: just cause required to terminate a tenancy,"San Diego Mun. Code § 98.0704 (Ord. O-21647 N.S., as amended through Ord. O-21769 N.S.); see also id. §§ 98.0704(a), (b), 98.0706(b)(1), (e)",in_force,2023-06-24,Just cause required for any tenancy over 30 days,"Covers residential rental property in San Diego, including mobilehome park units, for tenancies over 30 days. Exempt: housing with a certificate of occupancy issued within the previous 15 years (unless a mobilehome); owner-occupied single-family homes and owner-occupied two-unit structures; units where the tenant shares a kitchen or bath with a resident landlord; separately alienable units (such as individually owned houses or condos) whose landlord is not a REIT, corporation, LLC with a corporate member, or mobilehome park management and has given the required written exemption notice; deed-restricted or subsidized affordable housing (Section 8 tenants remain covered); hotels; short-term rentals; MRL mobilehomes; care facilities and nonprofit transitional housing; school dormitories.",SDMC § 98.0703(a)-(l): hotels; short-term rentals; deed-restricted or subsidized affordable housing (Section 8 not exempt); MRL mobilehomes; care and transitional facilities; dormitories; units sharing a kitchen or bath with a resident landlord; owner-occupied single-family homes; owner-occupied two-unit structures; certificate of occupancy within the previous 15 years (unless a mobilehome); separately alienable units of non-corporate landlords who gave the written exemption notice.,D073,https://docs.sandiego.gov/municode/municodechapter09/ch09art08division07.pdf,"A landlord shall not terminate a tenancy without just cause. For purposes of this 
Division, just cause includes at-fault just cause and no-fault just cause.",0.8,,,,,
r-0094,"San Diego, CA",just_cause_eviction,San Diego relocation assistance for no-fault terminations,San Diego Mun. Code § 98.0706(c) (Ord. O-21647 N.S.); see also id. § 98.0706(b)(1)(B)(i),in_force,2023-06-24,2 months' rent (3 months for seniors or disabled tenants),"Same coverage as the San Diego just cause rules: applies to no-fault terminations of covered residential rental property. Exempt: housing with a certificate of occupancy issued within the previous 15 years, owner-occupied single-family homes and two-unit structures, and the other § 98.0703 exemptions.",Same exemptions as SDMC § 98.0703. A tenant found at fault for conditions triggering a government order to vacate is not entitled to relocation assistance.,D073,https://docs.sandiego.gov/municode/municodechapter09/ch09art08division07.pdf,"(i) Unless section 98.0706(c)(1)(A)(ii) applies, the direct 
payment to the tenant shall be in an amount equal to 
two months of actual rent under the tenant’s lease in 
effect at the date of the notice.",0.8,,,,,
r-0095,"San Diego, CA",screening_restrictions,Prohibition of discrimination based on a tenant's source of income (including housing vouchers and rental assistance),"San Diego Mun. Code § 98.0803(a) (Ord. O-20986 N.S.); see also id. § 98.0803(b), (c); id. § 98.0806(c)",in_force,2018-10-18,Damages of 3x one month's rent per violation,"All rental units in the City of San Diego, except tenancies where the owner or a family member lives in the same building and shares a bathroom or kitchen with the tenant.",Does not apply where the owner or a family member resides in the same residential building and shares a bathroom or kitchen with the tenant; conduct necessary to comply with program requirements related to source of income is allowed; landlords may still reject applicants for other lawful reasons.,D075,https://docs.sandiego.gov/municode/MuniCodeChapter09/Ch09Art08Division08.pdf,"(a) It is unlawful for any person to do any of the following acts, wholly or in 
part, based on a person’s source of income  (except as may be necessary to 
comply with any program requirements related to source of income ):",0.8,,,,,
r-0096,"San Francisco, CA",algorithmic_rent_setting,Ban on algorithmic devices to set rents or manage occupancy,"S.F. Admin. Code § 37.10C(b) (Ord. No. 224-24, as amended through Ord. No. 169-25); see also id. § 37.10C(a), (d)",in_force,2024-10-14,"up to $1,000 per violation, per unit per month",All residential units in San Francisco; the prohibition applies to any entity selling or using algorithmic rent-setting devices.,,D081,https://www.sf.gov/news/new-law-prohibits-algorithmic-devices-used-set-rents-san-francisco,The law prohibits the sale or use of algorithmic devices to set rents or manage occupancy levels for residential units in San Francisco.,0.88,,,,,
r-0097,"San Francisco, CA",just_cause_eviction,Just cause required to evict tenants in units covered by the Rent Ordinance,"S.F. Admin. Code § 37.9(a) (as amended by Ord. No. 03-26); see also id. §§ 37.9(c), 37.2(r)",in_force,,17 just cause reasons,"Rental units covered by the San Francisco Rent Ordinance. This includes units exempt from the rent increase limits, such as units first certified for occupancy after June 13, 1979, tenancies eligible for Costa-Hawkins rent increases, and some tenancies whose rent is regulated by another government agency.",,D079,https://sf.gov/information/overview-just-cause-evictions,"In order to evict a tenant from a rental unit covered by the Rent Ordinance, a landlord must have a ""just cause"" reason that is the dominant motive for pursuing the eviction. Note that the mere expiration of a rental agreement or a change in ownership does not constitute ""just cause"" for eviction.",0.85,,,,,
r-0098,"San Francisco, CA",just_cause_eviction,Relocation payments for Ellis Act evictions,S.F. Admin. Code § 37.9A(e),in_force,2026-03-01,"$11,110.05 per tenant; max $33,330.13 per unit; plus $7,443.90 per elderly (62+) or disabled tenant",Tenants in San Francisco evicted under the Ellis Act (withdrawal of units from the rental market).,,D083,https://www.sf.gov/reports--current-rates-including-rent-increase-relocation-sec-deposit,Relocation payments for tenants evicted under the Ellis Act,0.75,,,,,
r-0099,"San Francisco, CA",just_cause_eviction,"Relocation payments for owner/relative move-in, demolition/removal, temporary capital improvement, or substantial rehabilitation evictions","S.F. Admin. Code § 37.9C(e)(1) (Prop. H, eff. Dec. 22, 2006); see also id. § 37.9C(b), (e)(2), (e)(3)",in_force,2026-03-01,"$8,245 per tenant; max $24,733 per unit; plus $5,497 per elderly (60+), disabled, or minor-child household",Tenants in San Francisco units covered by Rent Ordinance § 37.9C who are evicted for the listed no-fault reasons. Temporary capital improvement evictions of less than 20 days are instead governed by Cal. Civ. Code § 1947.9.,Temporary capital improvement evictions for less than 20 days are governed by Cal. Civ. Code § 1947.9 instead.,D083,https://www.sf.gov/reports--current-rates-including-rent-increase-relocation-sec-deposit,Relocation Payments for Evictions based on Owner/Relative Move-in OR Demolition/Permanent Removal of Unit from Housing Use OR Temporary Capital Improvement Work* OR Substantial Rehabilitation,0.8,,,,,
r-0101,"San Francisco, CA",rent_increase_limits,"Annual allowable rent increase for rent-controlled units, March 1, 2026 – February 28, 2027",S.F. Admin. Code § 37.3(a)(1) (as amended through Ord. No. 3-26),in_force,2026-03-01,1.6%,Applies to rent-controlled units in San Francisco. This announcement does not define which units are rent-controlled.,,D080,https://www.sf.gov/news--annual-rent-increase-3126-22827-announced,"For rent-controlled units, the annual allowable increase amount effective March 1, 2026 through February 28, 2027 is 1.6%.",0.6,,,,,
r-0103,"San Francisco, CA",screening_restrictions,Fair Chance Ordinance – criminal history in affordable housing decisions,"S.F. Police Code art. 49, § 4906 (Ord. No. 17-14) (Fair Chance Ordinance); see also id. § 4911",in_force,,,Affordable housing in San Francisco; the page does not define which buildings or units count as affordable housing.,,D078,https://sf-hrc.org/fair-chance-ordinance,San Francisco's Fair Chance Ordinance protects residents with arrest or conviction history in affordable housing decisions.,0.55,,,,,
r-0104,"Santa Ana, CA",algorithmic_rent_setting,Ban on algorithmic rent-setting software using nonpublic data,Santa Ana Mun. Code § 8-3702(b) (Ord. No. NS-3090); see also id. § 8-3703(a),in_force,2026-04-02,"up to $1,000 per violation","All residential rental housing in Santa Ana. Tools that rely on publicly available data or historical trends, or that are used for affordable housing compliance, are not restricted.","Does not restrict tools that rely on publicly available data or historical trends, or tools used for affordable housing compliance.",D086,https://www.santa-ana.org/rent-stabilization-newsletter-march-2026/,Bans Price-Fixing Software: Prohibits the use of certain algorithmic rent-setting tools in the local rental market.,0.6,,,,,
r-0107,"Santa Ana, CA",just_cause_eviction,Santa Ana Just Cause Eviction Ordinance,"Santa Ana Mun. Code ch. 8, art. XIX, § 8-3120(a) (Rent Stabilization and Just Cause Eviction Ordinance; Ord. No. NS-3027, as amended by Ord. No. NS-3052 and as amended through Ord. No. NS-3073); see also id. § 8-3120(b), (c), (d)",in_force,2021-11-19,3 months relocation assistance or 3 months rent waiver for no-fault evictions,"Residential rental property in Santa Ana, except housing produced in the last 15 years and certain other housing types.",Housing produced in the last 15 years; deed-restricted affordable housing; hotel and transient occupancy; hospital and care facilities; dormitories; other shared living quarters.,D085,https://santa-ana.gov/santa-ana-city-council-adopts-rent-stabilization-and-just-cause-eviction-ordinances-effective-nov-19,"After 30 days, an owner shall not terminate a tenancy without just cause, which shall be stated in a written notice.",0.8,,,,,
r-0109,"Santa Ana, CA",rent_increase_limits,Santa Ana annual rent increase cap,"Santa Ana Mun. Code ch. 8, art. XIX, § 8-3140(a) (Rent Stabilization and Just Cause Eviction Ordinance, Ord. No. NS-3073, Measure CC); see also id. §§ 8-3140(b), 8-3144(a)(1)",in_force,2021-11-19,lesser of 3% or 80% of CPI change (0% if CPI negative); 2.87% for 2026-09-01 to 2027-08-31,Rental units covered by the Santa Ana Rent Stabilization and Just Cause Eviction Ordinance. This page does not state which buildings are covered or exempt.,,D084,https://santa-ana.gov/departments/rent-stabilization,"The increase cannot be more than 3% of your current rent or 80% of the Consumer Price Index (CPI) change, whichever is less.",0.8,,,,,
