doc_id,jurisdictions,url,source_type,retrieved_at,sha256,text_file,cites,note
D032,"Hoboken, NJ",https://hobokenmsta.com/wp-content/uploads/2024/02/Rent-Control.pdf,secondary (third-party mirror of the city code),2026-10-03 21:00 UTC,fd0c6573345eced1bbbb898cad77370111809afe17e4701fa3966d0e535ac883,corpus_crosscheck/D032.txt,,"THIRD-PARTY COPY of Hoboken Code Chapter 155 (Rent Control) posted by the Hoboken Mile Square Taxpayers Association (2024). The official code is on ecode360 (link-only D032), not captured because of publisher terms. A reviewer should confirm against the official code."
O001,CA,https://leginfo.legislature.ca.gov/faces/codes_displaySection.xhtml?lawCode=GOV&sectionNum=66300.6,official,2026-10-04 00:17 UTC,f539ad23f15ef6e0d3a7f7662c6a113547b06448530e2768687a2c4e48c863c6,corpus_crosscheck/O001.txt,Cal. Gov. Code § 66300.6,"Official California Legislative Information code page for Gov. Code 66300.6 (Housing Crisis Act of 2019 protected-unit demolition and relocation rules), leginfo.legislature.ca.gov"
O002,CA,https://leginfo.legislature.ca.gov/faces/billNavClient.xhtml?bill_id=202320240AB12,official,2026-10-04 00:17 UTC,c204eb876100307c54a9279ee74866379f5265003fd1d6a385d064bafd43f107,corpus_crosscheck/O002.txt,"Cal. Civ. Code § 1950.5 (as amended by AB 12, Stats. 2023)","Official California Legislative Information chaptered bill text of AB 12 (2023-2024), Security deposits, which amended Civ. Code 1950.5, leginfo.legislature.ca.gov"
O003,CA,https://leginfo.legislature.ca.gov/faces/codes_displaySection.xhtml?lawCode=GOV&sectionNum=66300.5,official,2026-10-04 00:18 UTC,880291fb3ce3034c2085464beb7587752a8a9406a8e4e709671dc5d168de91e1,corpus_crosscheck/O003.txt,Cal. Gov. Code § 66300.5,"Official California Legislative Information code page for Gov. Code 66300.5 (definitions for Housing Crisis Act demolition article, incl. lower income households and protected units), leginfo.legislature.ca.gov"
O004,CA,https://leginfo.legislature.ca.gov/faces/codes_displaySection.xhtml?lawCode=HSC&sectionNum=50079.5,official,2026-10-04 00:18 UTC,c5cc856e69d62d9ea679f889e882e491dae1a7b7e6cb7ba923f73f48b4bf5d53,corpus_crosscheck/O004.txt,Cal. Health & Saf. Code § 50079.5,"Official California Legislative Information code page for Health and Safety Code 50079.5 (definition of lower income households by federal Section 8 limits; 80 percent of area median income only as the fallback), leginfo.legislature.ca.gov"
O010,NJ,https://lis.njleg.state.nj.us/nxt/gateway.dll/statutes/1/112/670?f=templates$fn=document-frame.htm$3.0,official,2026-10-04 00:19 UTC,76e769b455b172d2b68dd7cb6ee3f2b100158b6abb9ceef2211494d09305135a,corpus_crosscheck/O010.txt,N.J.S.A. 2A:18-61.1,"Official NJ Legislature statutes database (lis.njleg.state.nj.us), N.J.S.A. 2A:18-61.1 Grounds for removal of tenants (Anti-Eviction Act, L.1974, c.49, s.2, as amended). Found through the site's simple search for 2A:18-61.1."
O011,NJ,https://lis.njleg.state.nj.us/nxt/gateway.dll/statutes/1/112/701?f=templates$fn=document-frame.htm$3.0,official,2026-10-04 00:19 UTC,21193ec798bce4d60bd201d6d8e54ed7ffdbbb60b966447b4d633c76a53fb07d,corpus_crosscheck/O011.txt,N.J.S.A. 2A:18-61.31,"Official NJ Legislature statutes database (lis.njleg.state.nj.us), N.J.S.A. 2A:18-61.31 Rent increase restrictions (conversion to condominium, cooperative or fee simple). Found through the site's simple search."
O012,NJ,https://lis.njleg.state.nj.us/nxt/gateway.dll/statutes/1/112/1249?f=templates$fn=document-frame.htm$3.0,official,2026-10-04 00:19 UTC,9fbbd96a9b790e1379023d6640b3d95182a7df48f8e09bc9acded72ab3272f5b,corpus_crosscheck/O012.txt,N.J.S.A. 2A:42-84.5,"Official NJ Legislature statutes database (lis.njleg.state.nj.us), N.J.S.A. 2A:42-84.5 Exemptions from rent control, leveling, stabilization; legislative intent. Found through the site's simple search."
O013,NJ,https://lis.njleg.state.nj.us/nxt/gateway.dll/statutes/1/112/1245?f=templates$fn=document-frame.htm$3.0,official,2026-10-04 00:20 UTC,d279d178238a3670fc705dc86d7c44d16c3781d93f1a9341f1552422ca6bccf2,corpus_crosscheck/O013.txt,N.J.S.A. 2A:42-84.1,"Official NJ Legislature statutes database (lis.njleg.state.nj.us), N.J.S.A. 2A:42-84.1 Definitions (P.L.1987, c.153, newly constructed multiple dwellings). Found through the site's simple search."
O014,NJ,https://lis.njleg.state.nj.us/nxt/gateway.dll/statutes/1/112/1246?f=templates$fn=document-frame.htm$3.0,official,2026-10-04 00:20 UTC,f1ffedb32e8a6886a5500c8137c29adec71189131ae7e500a28baa75d80d36dd,corpus_crosscheck/O014.txt,N.J.S.A. 2A:42-84.2,"Official NJ Legislature statutes database (lis.njleg.state.nj.us), N.J.S.A. 2A:42-84.2 Applicability of municipal rent control ordinances (30-year new-construction exemption, P.L.1987, c.153, s.2, as amended). Found through the site's simple search."
O015,NJ,https://lis.njleg.state.nj.us/nxt/gateway.dll/statutes/1/112/1248?f=templates$fn=document-frame.htm$3.0,official,2026-10-04 00:20 UTC,5fa6ef490aa23fd1cc24bd977791a90abae7e3965a7ae6d4bf4f92a4083ae589,corpus_crosscheck/O015.txt,N.J.S.A. 2A:42-84.4,"Official NJ Legislature statutes database (lis.njleg.state.nj.us), N.J.S.A. 2A:42-84.4 Filing of owner's claim of exemption (P.L.1987, c.153). Found through the site's simple search."
O016,NJ,https://lis.njleg.state.nj.us/nxt/gateway.dll/statutes/1/112/1247?f=templates$fn=document-frame.htm$3.0,official,2026-10-04 00:20 UTC,6cc9a2a21eca8f58d59a5d5336609addbe0bce404ab2f8a58ac0a14f8a794d4e,corpus_crosscheck/O016.txt,N.J.S.A. 2A:42-84.3,"Official NJ Legislature statutes database (lis.njleg.state.nj.us), N.J.S.A. 2A:42-84.3 Notice of exemption to tenants (P.L.1987, c.153). Found through the site's simple search."
O017,NJ,https://lis.njleg.state.nj.us/nxt/gateway.dll/statutes/1/7555/7610?f=templates$fn=document-frame.htm$3.0,official,2026-10-04 00:21 UTC,077b5b0fd633169668d1910f33e9a74b94534d4986a0d30b2133c4e8384c2eda,corpus_crosscheck/O017.txt,N.J.S.A. 10:5-12,"Official NJ Legislature statutes database (lis.njleg.state.nj.us), N.J.S.A. 10:5-12 Unlawful employment practices, discrimination (Law Against Discrimination; housing in subsections g. and h.). Found through the site's simple search."
O018,NJ,https://lis.njleg.state.nj.us/nxt/gateway.dll/statutes/1/44283/44474?f=templates$fn=document-frame.htm$3.0,official,2026-10-04 00:23 UTC,29ef88238a9d268bbd73482e8de8708dc95fbf9bab7da0a631ce431a4fa9c411,corpus_crosscheck/O018.txt,N.J.S.A. 46:8-21.2,"Official NJ Legislature statutes database (lis.njleg.state.nj.us), N.J.S.A. 46:8-21.2 Limitation on amount of deposit (L.1971, c.223, s.4, as amended). Found through the site's simple search."
O019,NJ,https://lis.njleg.state.nj.us/nxt/gateway.dll/statutes/1/44283/44469?f=templates$fn=document-frame.htm$3.0,official,2026-10-04 00:21 UTC,fcfffd91ef117a94fc8021a314d0b86f35d8afad8fe208c49b0c0b1401b4371d,corpus_crosscheck/O019.txt,N.J.S.A. 46:8-19,"Official NJ Legislature statutes database (lis.njleg.state.nj.us), N.J.S.A. 46:8-19 Security deposits; investment, deposit, disposition. Found through the site's simple search."
O020,NJ,https://lis.njleg.state.nj.us/nxt/gateway.dll/statutes/1/44283/44473?f=templates$fn=document-frame.htm$3.0,official,2026-10-04 00:22 UTC,0af3072ce1ce2e591f9e018d031e5a1fcf3ca237c5ad15693a90004b30522a37,corpus_crosscheck/O020.txt,N.J.S.A. 46:8-21.1,"Official NJ Legislature statutes database (lis.njleg.state.nj.us), N.J.S.A. 46:8-21.1 Return of deposit; displaced tenant; termination of lease; civil penalties. Found through the site's simple search."
O021,NJ,https://lis.njleg.state.nj.us/nxt/gateway.dll/statutes/1/44283/44482?f=templates$fn=document-frame.htm$3.0,official,2026-10-04 00:23 UTC,1158dd9f728c973e5600f2c827a42fa6012333ed69451a161d63484d09c61e58,corpus_crosscheck/O021.txt,N.J.S.A. 46:8-26,"Official NJ Legislature statutes database (lis.njleg.state.nj.us), N.J.S.A. 46:8-26 Application of act (security deposit law applies to all rental dwelling units except owner-occupied premises with not more than two rental units where the tenant has not given 30 days written notice invoking it). Found through the site's simple search."
O022,NJ,https://lis.njleg.state.nj.us/nxt/gateway.dll/statutes/1/112/677?f=templates$fn=document-frame.htm$3.0,official,2026-10-04 00:22 UTC,36345e00c225429b6874d8adb5affc2790c76fb961bf8e329aa87fdb04d6a09a,corpus_crosscheck/O022.txt,N.J.S.A. 2A:18-61.1g,"Official NJ Legislature statutes database (lis.njleg.state.nj.us), N.J.S.A. 2A:18-61.1g Relocation of displaced tenant (removal under 2A:18-61.1(g)(3), illegal occupancy); violations, penalty. Found through the site's simple search."
O023,NJ,https://lis.njleg.state.nj.us/nxt/gateway.dll/statutes/1/112/678?f=templates$fn=document-frame.htm$3.0,official,2026-10-04 00:23 UTC,a44d5c7f99aadf958eaa046421d00e38681f6805a539c0cf0c084d86a34faead,corpus_crosscheck/O023.txt,N.J.S.A. 2A:18-61.1h,"Official NJ Legislature statutes database (lis.njleg.state.nj.us), N.J.S.A. 2A:18-61.1h Reimbursement to displaced tenant (illegal occupancy). Found through the site's simple search."
O024,NJ,https://lis.njleg.state.nj.us/nxt/gateway.dll/statutes/1/7555/7626?f=templates$fn=document-frame.htm$3.0,official,2026-10-04 00:23 UTC,19416f0c33a4c67dcfda81f4b9d68e41c4d79d8dc23ee46e71006579de94af5b,corpus_crosscheck/O024.txt,N.J.S.A. 10:5-14.1a,"Official NJ Legislature statutes database (lis.njleg.state.nj.us), N.J.S.A. 10:5-14.1a Penalties; disposition (Law Against Discrimination). Found through the site's simple search."
O025,NJ,https://lis.njleg.state.nj.us/nxt/gateway.dll/statutes/1/7555/7599?f=templates$fn=document-frame.htm$3.0,official,2026-10-04 00:23 UTC,427425ff7dd42a8135d1121965a61865cf01549988988d657dd76d9ee5a04ea1,corpus_crosscheck/O025.txt,N.J.S.A. 10:5-5,"Official NJ Legislature statutes database (lis.njleg.state.nj.us), N.J.S.A. 10:5-5 Definitions relative to discrimination (Law Against Discrimination; the real property definition carries the owner-occupied two-family and one-family room-rental exemptions). Found through the site's simple search."
O026,NJ,https://lis.njleg.state.nj.us/nxt/gateway.dll/statutes/1/112/680?f=templates$fn=document-frame.htm$3.0,official,2026-10-04 00:25 UTC,407ccd5a1c44b3bb1bcda1b16fdb48e6796c535f3290c29a89ba229996788eac,corpus_crosscheck/O026.txt,N.J.S.A. 2A:18-61.3,"Official NJ Legislature statutes database (lis.njleg.state.nj.us), N.J.S.A. 2A:18-61.3 Causes for eviction or nonrenewal of lease (no eviction or failure to renew except for good cause defined in 2A:18-61.1). Found through the site's simple search."
O030,"Los Angeles, CA",https://cityclerk.lacity.org/onlinedocs/2021/21-0042-S3_ord_187737_1-27-23.pdf,official,2026-10-04 00:21 UTC,c110923f3a8755f09049214dea762885586c2b6afe000211b8069b4df235e20f,corpus_crosscheck/O030.txt,"Ord. No. 187737; L.A. Mun. Code ch. XVI, art. 5, §§ 165.00-165.08 (Just Cause for Eviction Ordinance, as enacted), incl. § 165.03, § 165.05(B)(5), § 165.06; L.A. Mun. Code § 151.09(A)(8)(c), § 151.09(C)(9), § 151.09(G)(5) (as added/amended)","Ordinance No. 187737 (adds Article 5, Just Cause for Eviction Ordinance, to LAMC Chapter XVI), Los Angeles City Clerk PDF, Council File 21-0042-S3; passed Jan. 20, 2023, published and effective Jan. 27, 2023. Text extracted in reading order (pypdf layout mode); the PDF text layer reads some '(1)' as '(D' and '165.03(I)' as '165.03(1)'."
O031,"Los Angeles, CA",https://cityclerk.lacity.org/onlinedocs/2021/21-0042-S4_ord_187763_3-27-23.pdf.pdf,official,2026-10-04 00:24 UTC,b845e9349c97e97602b4f06446d80ac140fa17bf7272d3084468185015c6dd30,corpus_crosscheck/O031.txt,Ord. No. 187763; L.A. Mun. Code § 151.09(A)(1) (RSO); L.A. Mun. Code § 165.03(A) (JCO),"Final Ordinance No. 187763 (eviction threshold for nonpayment), Los Angeles City Clerk PDF, Council File 21-0042-S4; passed Feb. 3, 2023, approved Feb. 13, 2023, published Feb. 24, 2023, effective Mar. 27, 2023. The text layer of the urgency clause (Sec. 4, lines 52-61) is garbled, which suggests it is struck through in the signed copy."
O032,"Los Angeles, CA",https://cityclerk.lacity.org/onlinedocs/2023/23-1134_ord_188795_12-24-25.pdf,official,2026-10-04 00:21 UTC,683e5b7f02d4b0036eeccde4bac272887ac0decdc3c1751b8869f46e3dab5a47,corpus_crosscheck/O032.txt,Ord. No. 188795; L.A. Mun. Code § 151.06(D) (annual automatic adjustment); § 151.06(G)(a)(iii); § 151.07(A)(6) (deleted); § 151.09(A)(2)(b); § 151.09(G); § 151.30(E); § 165.06(F),"Final Ordinance No. 188795 (RSO annual rent adjustment formula), Los Angeles City Clerk PDF, Council File 23-1134; passed Dec. 12, 2025, effective Feb. 2, 2026. Text extracted from the PDF in reading order (pypdf layout mode) because plain extraction interleaved sections."
O033,"Los Angeles, CA",https://planning.lacity.gov/eir/CrossroadsHwd/deir/files/references/J203.pdf,"official copy of an older version (about 2013), not the current law text",2026-10-04 00:23 UTC,29f19d630510ac9dc7fc7a329f73dfc2cfba6a48ecdfa83124ebc19e09e26f62,corpus_crosscheck/O033.txt,"L.A. Mun. Code ch. XV, art. 1 (Rent Stabilization Ordinance) as of ~2013, incl. § 151.02, § 151.06, § 151.06.02, § 151.07(A)(6), § 151.09","Copy of LAMC Chapter XV (Rent Stabilization Ordinance) published by Los Angeles City Planning as reference J203 to the Crossroads Hollywood draft EIR (text retrieved 00:19 UTC). Its newest amendment note is Ord. No. 182,359, Eff. 1/26/13, so later amendments are not reflected. Ord. Nos. 184822, 187737, 187763 and 188795 (captured as O030-O034) do not amend § 151.06.02; the current § 151.06.02 text still needs a check on the official code site."
O034,"Los Angeles, CA",https://cityclerk.lacity.org/onlinedocs/2014/14-0268-s1_ORD_184822_3-17-17.pdf,official,2026-10-04 00:23 UTC,cf49e569d75fafe228393e7a14d52587836046c8cbf81d3334730304f2eb6a60,corpus_crosscheck/O034.txt,"Ord. No. 184822; L.A. Mun. Code § 151.02 ('Rental Units', paras. 1, 6, 11); § 151.04; § 151.05(F); § 151.06(D) (first paragraph, later replaced by Ord. No. 188795); § 151.09; § 151.30","Ordinance No. 184822 (RSO technical amendments), Los Angeles City Clerk PDF, Council File 14-0268-S1; adopted Mar. 8, 2017, posted Mar. 20, 2017, effective Apr. 30, 2017. Amends the 'Rental Units' definition in LAMC § 151.02, incl. the Oct. 1, 1978 certificate-of-occupancy exemption and the § 151.28(A) replacement-unit carve-out."
O040,"San Francisco, CA",https://media.api.sf.gov/documents/600_Ordinance_6-29-26.pdf,official,2026-10-04 00:17 UTC,a9bf0e7d9dc2bd9187d57d789c0809d450001f90eb53e9c2e1aedc5c409112f1,corpus_crosscheck/O040.txt,"S.F. Admin. Code ch. 37 (Residential Rent Stabilization and Arbitration Ordinance), incl. §§ 37.2, 37.3, 37.9, 37.9A, 37.9C, 37.10C","SF Rent Board's published text of the Rent Ordinance (Admin. Code ch. 37), version 6/29/26, linked from https://www.sf.gov/reports--rent-ordinance (document 600). Rent Board disclaimer: not the official record; American Legal is the official publisher."
O041,"San Francisco, CA",https://sfbos.archive.sf.gov/ftp/uploadedfiles/bdsupvrs/ordinances14/o0017-14.pdf,official,2026-10-04 00:19 UTC,db5b07dd0638326ed13388feb4597196122c1e32fff6537d80a5712a81078ed8,corpus_crosscheck/O041.txt,"S.F. Police Code art. 49, §§ 4901-4920 (Fair Chance Ordinance), as enacted; S.F. Admin. Code ch. 12T","Board of Supervisors ordinance PDF (sfbos.org archive), File No. 131192, as enacted 2014; original text of Police Code Article 49"
O042,"San Francisco, CA",https://www.sf.gov/sites/default/files/2022-12/FCO%20Legistar.pdf,"committee draft with a blank ordinance number, not the enacted text",2026-10-04 00:19 UTC,c1c91a0fcd5e6b1e43b0e2c69fdc0bb109fe5e5dd693a3988d1b9174471982b6,corpus_crosscheck/O042.txt,"S.F. Police Code art. 49, §§ 4903, 4904, 4906, 4909, 4911 (2018 amendments)","Board of Supervisors ordinance, File No. 171170 (amended in committee 3/14/18), amending Police Code Article 49 (Fair Chance Ordinance); copy published by the City on sf.gov"
O050,"Berkeley, CA",https://rentboard.berkeleyca.gov/sites/default/files/documents/Rent%20Stabilization%20Ordinance_BMC%20Chapter%2013.76.pdf,official,2026-10-04 00:21 UTC,9380147773517edc9bd0146b376ec63d347ebe8dbd8e79eb32ca5ecded640105,corpus_crosscheck/O050.txt,"Berkeley Mun. Code ch. 13.76, §§ 13.76.010-13.76.190, incl. § 13.76.040(J)-(K), § 13.76.050, § 13.76.070, § 13.76.110, § 13.76.130 (Ord. No. 7,950-N.S., Measure BB, approved by voters Nov. 5, 2024)","Ordinance No. 7,950-N.S. (Measure BB, Berkeley Tenant Protection and Right to Organize Act) restating BMC Chapter 13.76, the Rent Stabilization and Eviction for Just Cause Ordinance; PDF copy published by the Berkeley Rent Stabilization Board (linked from its Rent Ordinance & Regulations page)"
O051,"Berkeley, CA",https://rentboard.berkeleyca.gov/sites/default/files/documents/10-16-2025_RSB_ITEM_8F_ACTION_2026_OMI_Ellis_Relocation_Assistance_Increase_Staff_Report_10-16-25.pdf,official agency staff report with proposed Rent Board Resolution 25-28 (not code text),2026-10-04 00:20 UTC,58412c4a2d1de36dae77671c37e9901529ddb5bc6771950bce60004c62bd49ec,corpus_crosscheck/O051.txt,"Berkeley Rent Stabilization Board Resolution 25-28 (2026 relocation amounts); refers to Berkeley Mun. Code §§ 13.76.130A.8.g-h and 13.77.055.A, 13.77.055.A.2 without quoting them","Berkeley Rent Board staff report, Oct. 16, 2025 meeting, Item 8F: 2026 inflationary adjustment of OMI and Ellis relocation payments, with proposed Resolution 25-28 (vote lines blank). Not the text of BMC ch. 13.77."
O052,"Berkeley, CA",https://berkeleyca.gov/sites/default/files/documents/2024-12-10%20Special%20Item%2001%20Confirming%20the%20Results.pdf,"official record (election results, with the measure's text attached)",2026-10-04 00:21 UTC,7e85eebbe9f25938f4a10e8eaeeaa0e8b947e5faf40f964536f2b4f2ec36f574,corpus_crosscheck/O052.txt,"Measure BB (Rent Stabilization Ordinance Amendments and Housing Retention) declared passed at the Nov. 5, 2024 election, effective Dec. 20, 2024; Attachment 7 = Measure BB ordinance amending Berkeley Mun. Code ch. 13.76 (number blank, X,XXX-N.S.)","Berkeley City Council Special Meeting Dec. 10, 2024, Consent Item 01 (City Clerk): resolution confirming results of the Nov. 5, 2024 General Municipal Election, with the measure ordinances attached; berkeleyca.gov"
O053,"Berkeley, CA",https://rentboard.berkeleyca.gov/sites/default/files/documents/CHAPTER%2011_Annual%20General%20Adjustments%20of%20Rent%20Ceilings.pdf,official,2026-10-04 00:21 UTC,4b87eaf199a6d4609ee6958ea158e2d5f9b770e60361e8716873b755893b7a79,corpus_crosscheck/O053.txt,"Berkeley Rent Stabilization Board Regulations 1100-1148 (ch. 11, Annual General Adjustments of Rent Ceilings), incl. Reg. 1148 (Annual General Adjustment Order for 2026, 1%)","Berkeley Rent Board Regulations Chapter 11, Annual General Adjustments of Rent Ceilings, PDF published by the Berkeley Rent Stabilization Board"
O060,"Santa Ana, CA",https://santa-ana.primegov.com/api/compilemeetingattachmenthistory/historyattachment/?historyId=9650e936-471f-4e70-b6bc-3ada125080c7,official,2026-10-04 00:19 UTC,b56987adbb5f0cfc30c44bd3a911f0a5acb54fe24a51c8d5d9dbdb5512ec0de8,corpus_crosscheck/O060.txt,"Santa Ana Mun. Code §§ 8-3600 to 8-3603 (ch. 8, art. XXIII per this text; agenda says art. XXIV); Santa Ana Ord. No. NS-3090 (number left as NS-XXXX in this exhibit)","Santa Ana City Council agenda packet, March 3, 2026 meeting, item 19, Exhibit 1 (Exhibit 1.pdf): ordinance text 'Prohibiting Anti-Competitive Automated Rent Price-Fixing' as presented for second reading and adoption; number shown as NS-XXXX. Published by the City on its PrimeGov agenda portal (santa-ana.primegov.com). PDF text extracted with pypdf."
O061,"Santa Ana, CA",https://santa-ana.primegov.com/Portal/Meeting?meetingTemplateId=24683,"official record (council agenda), not the law's text",2026-10-04 00:19 UTC,c14acead9c16949f4f0094beca8c4737731bd2c80b5fa0dc13ca9ad9238d6b0e,corpus_crosscheck/O061.txt,"Santa Ana Ord. No. NS-3090 (agenda item 19: second reading and adoption, adds art. XXIV to ch. 8 of the Santa Ana Municipal Code)","Santa Ana City Council regular meeting agenda, March 3, 2026 (City PrimeGov portal). Item 19 names Ordinance No. NS-3090 and its first reading on February 17, 2026."
O062,"Santa Ana, CA",https://santa-ana.primegov.com/api/compilemeetingattachmenthistory/historyattachment/?historyId=45db94b5-fc30-4fc8-abb1-fec195994cfc,"official record (staff report), not the law's text",2026-10-04 00:20 UTC,e346bde15d0638e645b168ec81476be5204675cf203d1636bd71665a2a9f9567,corpus_crosscheck/O062.txt,"Santa Ana Ord. No. NS-3090; Santa Ana Mun. Code §§ 8-3700 to 8-3703 (ch. 8, art. XXIV) per this report","Santa Ana Community Development Agency staff report, City Council meeting March 3, 2026, item 19 (second reading and adoption of Ordinance No. NS-3090). Published on the City's PrimeGov agenda portal. Not the ordinance text; it states the ordinance number and the code sections. PDF text extracted with pypdf."
O063,"Santa Ana, CA",https://storage.googleapis.com/proudcity/santaanaca/2022/11/a56c42da-ord.-no.-ns-3073.pdf,official,2026-10-04 00:20 UTC,a85b4ed536b8ae133e379a07ec3bd18ebe02ae1e85d3aef8bce4ad9cfd07065b,corpus_crosscheck/O063.txt,"Santa Ana Mun. Code ch. 8, art. XIX, §§ 8-3100 to 8-3200 (Rent Stabilization and Just Cause Eviction Ordinance); div. 2 just cause § 8-3120; div. 3 rent stabilization § 8-3140; Ord. No. NS-3073 (Measure CC)","Ordinance No. NS-3073 (Measure CC), the voter-adopted Rent Stabilization and Just Cause Eviction Ordinance (General Municipal Election of November 5, 2024), English text linked as the Ordinance from the City of Santa Ana page santa-ana.gov/rsjce-ordinance/ (document page santa-ana.gov/documents/rent-stabilization-and-just-cause-eviction-ordinance-english-2/), file hosted on the City's ProudCity storage."
O064,"Santa Ana, CA",https://santa-ana.gov/rent-stabilization-newsletter-december-2024/,"city newsletter, not the law's text",2026-10-04 00:20 UTC,449ffae562dd7753fb97575aa19fc15ebe2293857ab90ee79e81cda59604c812,corpus_crosscheck/O064.txt,Santa Ana Measure CC (Ord. No. NS-3073) approval status only; not law text,"City of Santa Ana Rent Stabilization Newsletter, December 2024 (posted December 19, 2024): states Measure CC was approved by Santa Ana voters in November 2024. City web page (summary), kept only to support the in_force status of Ord. No. NS-3073."
O070,"Boston, MA",https://www.boston.gov/sites/default/files/file/2021/03/Housing%20Stability%20Notification%20Act.pdf,"official record (the ordinance as filed in the City Council), not the enacted text",2026-10-04 00:21 UTC,b34dcd073a7c625f263ef8da94d592a9ba5dd92fbd86b64672307d61c64ba3be,corpus_crosscheck/O070.txt,"Boston City Code, Ordinances ch. X, §§ 10-11.1 to 10-11.7 (Housing Stability Notification Act), incl. § 10-11.4 (Required Notice) and § 10-11.7 (Enforcement)","Ordinance text as filed in Boston City Council Oct 21, 2020, PDF published by the City of Boston on boston.gov and linked as 'Download the Ordinance' from boston.gov/departments/housing/housing-stability-notification-act. The codified text on municode was not checked."
O072,"Boston, MA",https://www.cityofboston.gov/images_documents/BFHC%20Regulations_tcm3-45622.pdf,official,2026-10-04 00:21 UTC,eab4639148b91d12aa0d007475dfd05da79df165952c97d2a3ee79101d4432ef,corpus_crosscheck/O072.txt,"Boston Fair Housing Commission Regulations, Reg. 1.01, 1.02(kk), 1.04(m) (amended Mar. 1, 2001); authority: City of Boston Code, Ordinances, Title 10, §§ 150-157 (1982) and St. 1994, c. 37","Boston Fair Housing Commission amended regulations (adopted March 1, 2001), PDF published by the City of Boston on its legacy cityofboston.gov domain. A regulation, not the ordinance; the current codified ordinance chapter on municode was not checked."
O080,"Hoboken, NJ",https://ecode360.com/46833413,official,2026-10-04 00:30 UTC,e006dd8e559eacec249c72e0ad00d8925aa74fbb75ca62f10e08607008c6a2f4,corpus_crosscheck/O080.txt,"Hoboken Code § 158-2 (Ord. No. B-781, adopted 7-9-2025)","City of Hoboken Code, Chapter 158 (Rent Increases), Article II, § 158-2, official code on ecode360 (General Code; customer HO0741; page metadata: 'Includes legislation through 09-02-2026'); starter-pack link-only source D034; read in a browser and copied verbatim (SHA-256 of the copied text matched the page)"
O081,"Jersey City, NJ",https://library.municode.com/nj/jersey_city/codes/code_of_ordinances?nodeId=CH260RECO,official,2026-10-04 00:33 UTC,2837846d2300995e440086ab0d81ae53f6571180db5a1d1736513134963a6ae0,corpus_crosscheck/O081.txt,"Jersey City Code § 260-1 (Ch. 260, Rent Control; 'Dwelling' definition, exemption A.1 for dwellings with four or less housing spaces)","Code of Jersey City, New Jersey (Code of Ordinances), Chapter 260 Rent Control: chapter history footnote and § 260-1 Definitions, from the city's official code on Municode Library (version Apr 3, 2026, current); the city clerk's Municipal Codes page points to this publisher; read in a browser and copied verbatim (SHA-256 of the copied text matched the page)"
O082,"Jersey City, NJ",https://mcclibraryfunctions.azurewebsites.us/api/ordinanceDownload/16093/1418863/pdf,official,2026-10-04 00:34 UTC,3019f24f32d59d000e7a88a758b5d08f9d1bdc2ae14144d183c14e3d7ef36dce,corpus_crosscheck/O082.txt,Jersey City Code § 218-12 (as amended by Ord. 25-076),"Jersey City Ord. No. 25-076 (adopted 7/16/25 per Municode ordinance details), amending Chapter 218 (Multiple Dwellings) Section 12 (Preventing Algorithmic Rent-Fixing); ordinance PDF hosted by Municode (the city's official code publisher), linked from https://library.municode.com/nj/jersey_city/ordinances/code_of_ordinances?nodeId=1418863"
O083,"Jersey City, NJ",https://mcclibraryfunctions.azurewebsites.us/api/ordinanceDownload/16093/1436781/pdf,official,2026-10-04 00:35 UTC,b08a839cd9120d1b311f45764b8e976056931373aa35073cf5b26974a28a72cd,corpus_crosscheck/O083.txt,Jersey City Code § 218-12 (as amended by Ord. 25-098),"Jersey City Ord. No. 25-098 (adopted 9/24/25 per Municode ordinance details), amending Chapter 218 (Multiple Dwellings) by adding subsection 3 'Mandatory Disclosure for Rent Increases' to Section 12 and correcting language in Section 1; ordinance PDF hosted by Municode (the city's official code publisher), linked from https://library.municode.com/nj/jersey_city/ordinances/code_of_ordinances?nodeId=1436781"
O084,"Jersey City, NJ",https://library.municode.com/nj/jersey_city/codes/code_of_ordinances?nodeId=CH218MUDW,official,2026-10-04 00:36 UTC,70cbad2c303492e97314e1a74f76201bffff83ac25484b365277c6909275e512,corpus_crosscheck/O084.txt,Jersey City Code ch. 218 (Multiple Dwellings); § 218-12 as currently codified (Exempt dwellings),"Code of Jersey City, New Jersey (Code of Ordinances) on Municode Library, version Apr 3, 2026 (current): Chapter 218 heading with Municode's pending-amendment notes (Ord. Nos. 25-057, 25-098), Article IV heading and § 218-12 as codified. Shows the algorithmic rent-fixing section is not yet codified; a code search for 'algorithmic' returned 0 code results and 3 ordinance results (25-057, 25-076, 25-098). Read in a browser and copied verbatim (SHA-256 of the copied text matched the page); Municode's share/print button labels removed"
O085,"Los Angeles, CA",https://codelibrary.amlegal.com/codes/los_angeles/latest/lamc/0-0-0-195228,official,2026-10-04 00:38 UTC,e8f677e98cc6a18bd43822c6a84ed7199d44fb346c0b619c3d5794231d854780,corpus_crosscheck/O085.txt,L.A. Mun. Code § 151.02 ('Rental Units' definition and exemptions 1-13),"Los Angeles Municipal Code § 151.02 (Definitions), official code publisher American Legal Publishing (codelibrary.amlegal.com), version 2026 Rev. 9 (current). Section is about 21,000 characters; this capture keeps the heading, history note, opening sentence and the full 'Rental Units' definition with its 13 exemptions, and omits the other definitions. Read in a browser and copied verbatim (SHA-256 of the copied text matched the page)"
O086,"Los Angeles, CA",https://codelibrary.amlegal.com/codes/los_angeles/latest/lamc/0-0-0-195527,official,2026-10-04 00:38 UTC,c142261a5a79748dc165b103aadaffaa22f37a47d3249c28ceeebfb0724369fc,corpus_crosscheck/O086.txt,L.A. Mun. Code § 151.06.02,"Los Angeles Municipal Code § 151.06.02 (Payment of Interest on Security Deposits), full section with history notes, official code publisher American Legal Publishing (codelibrary.amlegal.com), version 2026 Rev. 9 (current). Read in a browser and copied verbatim (SHA-256 of the copied text matched the page)"
O087,"Los Angeles, CA",https://codelibrary.amlegal.com/codes/los_angeles/latest/lamc/0-0-0-195445,official,2026-10-04 00:39 UTC,47b350bf1ca92b330a0f789d603220b1e7f297845ff5d0f5f398954103efd5bd,corpus_crosscheck/O087.txt,L.A. Mun. Code § 151.06(D),"Los Angeles Municipal Code § 151.06 (Automatic Adjustments): heading, history note, opening sentence and Subsection D (annual adjustment, as amended by Ord. No. 188,795 and Ord. No. 188,911); Subsections A-C and E-G omitted. Official code publisher American Legal Publishing (codelibrary.amlegal.com), version 2026 Rev. 9 (current). Read in a browser and copied verbatim (SHA-256 of the copied text matched the page)"
O088,"Los Angeles, CA",https://codelibrary.amlegal.com/codes/los_angeles/latest/lamc/0-0-0-195761,official,2026-10-04 00:40 UTC,ce1eff118d69b11faed08168b4e562611214a0174af1c8e7f4bb25c38b7362fd,corpus_crosscheck/O088.txt,L.A. Mun. Code § 151.09(A)(1); § 151.09(C)(9); § 151.09(G),"Los Angeles Municipal Code § 151.09 (Evictions), excerpt: heading, history note, Subsection A opening and A.1 (nonpayment, fair market rent threshold), Subsection C opening and C.9 (filing notices with LAHD), and all of Subsection G (relocation fees and exceptions). Other subsections omitted (section is about 35,000 characters). Official code publisher American Legal Publishing (codelibrary.amlegal.com), version 2026 Rev. 9 (current). Read in a browser and copied verbatim (SHA-256 of the copied text matched the page)"
O089,"Los Angeles, CA",https://codelibrary.amlegal.com/codes/los_angeles/latest/lamc/0-0-0-361875,official,2026-10-04 00:40 UTC,c18391cd95bb42aaa204bd6154dfa970ec476952446235c0e9e58082e1b3b5f9,corpus_crosscheck/O089.txt,L.A. Mun. Code § 165.03 (opening sentence and § 165.03(A)),"Los Angeles Municipal Code § 165.03 (Just Cause Evictions), excerpt: heading, opening sentence and Subsection A (nonpayment, fair market rent threshold, as amended by Ord. No. 187,763); Subsections B-N omitted. Official code publisher American Legal Publishing (codelibrary.amlegal.com), version 2026 Rev. 9 (current). Read in a browser and copied verbatim (SHA-256 of the copied text matched the page)"
O090,"Los Angeles, CA",https://codelibrary.amlegal.com/codes/los_angeles/latest/lamc/0-0-0-213998,official,2026-10-04 00:41 UTC,7c293ba34bc4d43882b283cd7a1e1f5970f7b1c211ed91c6a45c864a2933d686,corpus_crosscheck/O090.txt,"L.A. Mun. Code ch. XVI, art. 5, §§ 165.00-165.12 (Just Cause for Eviction Ordinance; added by Ord. No. 187,737); § 165.00","Los Angeles Municipal Code Chapter XVI, Article 5 (Just Cause for Eviction Ordinance): article heading, history note, section list and § 165.00 (Title). Official code publisher American Legal Publishing (codelibrary.amlegal.com), version 2026 Rev. 9 (current). Read in a browser and copied verbatim (SHA-256 of the copied text matched the page)"
O091,"Los Angeles, CA",https://codelibrary.amlegal.com/codes/los_angeles/latest/lamc/0-0-0-361750,official,2026-10-04 00:42 UTC,b6774cf6ccee5b9739543910da372d6941ddec61c8ed4cc30730c0dfdb2fd6e6,corpus_crosscheck/O091.txt,L.A. Mun. Code § 165.06,"Los Angeles Municipal Code § 165.06 (Relocation Assistance), full section incl. § 165.06(F) as amended by Ord. No. 188,795. Official code publisher American Legal Publishing (codelibrary.amlegal.com), version 2026 Rev. 9 (current). Read in a browser and copied verbatim (SHA-256 of the copied text matched the page)"
O092,"Berkeley, CA",https://berkeley.municipal.codes/BMC/13.77,official,2026-10-04 00:44 UTC,fb1c2fe72ed79df6b124abc6084ca28934f3da4cebc21fcfc72d388378539118,corpus_crosscheck/O092.txt,Berkeley Mun. Code ch. 13.77; § 13.77.055 (incl. § 13.77.055(A)(2) CPI indexing),"Berkeley Municipal Code Chapter 13.77 (Withdrawal of Residential Rental Accommodations from Rent or Lease) heading and § 13.77.055 (Financial mitigation of adverse impact on displaced persons) with history note, from the city's official code publisher berkeley.municipal.codes (page states the code is current through Ordinance 8031-NS, passed July 28, 2026). En-space characters after subsection labels normalized to plain spaces. Read in a browser and copied verbatim (SHA-256 of the copied text matched the page)"
O093,"Berkeley, CA",https://berkeley.municipal.codes/BMC/13.78,official,2026-10-04 00:44 UTC,199842d41b0c82ce0fced7c46accc9657770f8f205c495cf5ee3ca26e30dd3ab,corpus_crosscheck/O093.txt,Berkeley Mun. Code ch. 13.78; § 13.78.010; § 13.78.015; § 13.78.016; § 13.78.017; § 13.78.020,"Berkeley Municipal Code Chapter 13.78 (Tenant Screening and Lease Fees), whole chapter with history notes, from the city's official code publisher berkeley.municipal.codes (current through Ordinance 8031-NS, passed July 28, 2026). Read in a browser and copied verbatim (SHA-256 of the copied text matched the page)"
O094,"Berkeley, CA",https://berkeley.municipal.codes/BMC/13.106,official,2026-10-04 00:45 UTC,c05f19dcd4ef631196f1e0edcac6e7f74cfebf795feb5383181fc7e24d119c5f,corpus_crosscheck/O094.txt,Berkeley Mun. Code ch. 13.106; § 13.106.010; § 13.106.040,"Berkeley Municipal Code Chapter 13.106 (Prohibiting the Use of Criminal History in Housing Decisions) heading, § 13.106.010 (Title) and § 13.106.040 (Use of Criminal History in Housing Decisions), from the city's official code publisher berkeley.municipal.codes (current through Ordinance 8031-NS, passed July 28, 2026); other sections omitted. Read in a browser and copied verbatim (SHA-256 of the copied text matched the page)"
O095,"Berkeley, CA",https://berkeley.municipal.codes/BMC/13.76,official,2026-10-04 00:46 UTC,a52a7a2d923490ff68a2a3620f83d479b4fbf1a282150a76049091b77ee09272,corpus_crosscheck/O095.txt,Berkeley Mun. Code ch. 13.76; § 13.76.010; § 13.76.070; § 13.76.110,"Berkeley Municipal Code Chapter 13.76 (Rent Stabilization and Eviction for Just Cause Ordinance) as codified: chapter heading, § 13.76.010 (Title), § 13.76.070 (Security deposits, interest) and § 13.76.110 (Annual general adjustment), with history notes; latest history entry on every section of ch. 13.76 is Ord. 7950-NS § 2, 2024. Official code publisher berkeley.municipal.codes (current through Ordinance 8031-NS, passed July 28, 2026). Read in a browser and copied verbatim (SHA-256 of the copied text matched the page)"
O096,"Berkeley, CA",https://berkeley.municipal.codes/BMC/13.76,official,2026-10-04 00:47 UTC,b1165f75191fdbeb80950b4ff0cd0f11700dd50d2efdea0e85a2f72921c26fa8,corpus_crosscheck/O096.txt,Berkeley Mun. Code § 13.76.130(A)(1); § 13.76.130(A)(8)(g); § 13.76.130(A)(8)(h),"Berkeley Municipal Code § 13.76.130 (Just cause required for eviction), excerpt as codified: heading, Subsection A opening, (A)(1) Non-payment of Rent (fair market rent threshold), (A)(8) heading, (A)(8)(g) owner move-in relocation and (A)(8)(h) CPI indexing, and the section history note; the rest of the 28,000-character section omitted. Official code publisher berkeley.municipal.codes (current through Ordinance 8031-NS, passed July 28, 2026). Read in a browser and copied verbatim (SHA-256 of the copied text matched the page)"
O097,"Santa Ana, CA",https://library.municode.com/ca/santa_ana/codes/code_of_ordinances?nodeId=PTIITHCO_CH8BUST_ARTXXIVPRANMPAUREPRXI,official,2026-10-04 00:48 UTC,95535aa3c236f35ca7666c55801b5649580c7d155434b780816d10d44ab989d1,corpus_crosscheck/O097.txt,"Santa Ana Mun. Code ch. 8, art. XXIV, §§ 8-3700 to 8-3703 (Ord. No. NS-3090, § 3, 3-3-26)","Santa Ana Code of Ordinances, Chapter 8, Article XXIV (Prohibition of Anti-Competitive Automated Rent Price-Fixing), whole article as codified, from the city's official code on Municode Library (version Sep 1, 2026, current); reached from the code's table of contents. Municode's share/print button labels and 'new' badges removed. Read in a browser and copied verbatim (SHA-256 of the copied text matched the page)"
O098,"Santa Ana, CA",https://library.municode.com/ca/santa_ana/codes/code_of_ordinances?nodeId=PTIITHCO_CH8BUST_ARTXIXRESTJUCAEVOR,official,2026-10-04 00:49 UTC,70c41ec6f463d044a3b6d86ba289865b0024d7a122899daa36a0b33d71f0e57f,corpus_crosscheck/O098.txt,"Santa Ana Mun. Code ch. 8, art. XIX; § 8-3100; § 8-3120(a); § 8-3140","Santa Ana Code of Ordinances, Chapter 8, Article XIX (Rent Stabilization and Just Cause Eviction Ordinance), excerpt as codified: article heading, § 8-3100 (Title), Division 2 heading, § 8-3120 heading, subsection (a) and history note (rest of the 22,800-character section omitted), Division 3 heading, § 8-3140 (Prohibited increases). Official code on Municode Library (version Sep 1, 2026, current); history notes list Ord. Nos. NS-3027 (10-18-22), NS-3052 (10-17-23) and NS-3073 (11-5-24) only. Municode button labels removed. Read in a browser and copied verbatim (SHA-256 of the copied text matched the page)"
O099,"Cambridge, MA",https://library.municode.com/ma/cambridge/codes/code_of_ordinances?nodeId=TIT8HESA_CH8.71TERIRENO,official,2026-10-04 00:52 UTC,3c8261c1d877e0a236539417e29ba758a408f7a945cc7b1dd21d82b02ff2efd2,corpus_crosscheck/O099.txt,Cambridge Mun. Code ch. 8.71; § 8.71.010; § 8.71.040 (Ord. No. 2020-15; Ord. No. 2024-3),"Cambridge Code of Ordinances, Title 8, Chapter 8.71 (Tenants' Rights and Resources Notification): chapter heading, § 8.71.010 (Purpose) and § 8.71.040 (Required notice) with history notes, from the city's official code on Municode Library (version Apr 21, 2025, current); other sections omitted; reached from the code's table of contents. Read in a browser and copied verbatim (SHA-256 of the copied text matched the page)"
O100,"Cambridge, MA",https://library.municode.com/ma/cambridge/codes/code_of_ordinances?nodeId=TIT14FAHO_CH14.04FAHO,official,2026-10-04 01:12 UTC,f9185bf6e2dd3fa38da7f72b537ec06968c4938cbcaf87666a2ce5c184aa46f9,corpus_crosscheck/O100.txt,Cambridge Mun. Code ch. 14.04 (Fair Housing); § 14.04.030; § 14.04.040(A)(3),"Cambridge Code of Ordinances (Municode Library, version Apr 21, 2025), chapter 14.04 Fair Housing; read in a browser and copied verbatim (SHA-256 of the copied text matched the page)."
O101,MA,https://www.mintz.com/insights-center/viewpoints/2026-06-23-sjc-blocks-rent-control-initiative-2026-ballot-massachusettss,"secondary (law-firm summary of the court's decision), not the law's text",2026-10-04 01:12 UTC,c7eac21115e270348904c022462ad92ec83c5aeffed3dbf7c8c3a368b7d1badb,corpus_crosscheck/O101.txt,"Cella v. Attorney General, SJC-13893 (Mass. June 23, 2026); Initiative Petition 25-21","Mintz law-firm alert on the SJC's June 23, 2026 decision in Cella v. Attorney General, SJC-13893. Kept to confirm the case name, docket number and date, because the court's slip opinion (mass.gov download) refuses plain fetches. Not quoted as law."
